{"duration": 1.3865907192230225, "input_args": {"slug": "'reverse-bits'"}, "time": 1759168417.7429235}