{"duration": 1.4502792358398438, "input_args": {"postId": "117333"}, "time": 1759935136.1229975}