{"duration": 1.8607079982757568, "input_args": {"postId": "3962771"}, "time": 1759935046.137126}