{"duration": 1.5609571933746338, "input_args": {"postId": "5398263"}, "time": 1759173562.7807992}