{"duration": 1.7354962825775146, "input_args": {"slug": "'interleaving-string'"}, "time": 1759168445.2841978}