{"duration": 1.381727695465088, "input_args": {"slug": "'permutations'"}, "time": 1759168387.6091363}