{"duration": 1.6005885601043701, "input_args": {"postId": "5446010"}, "time": 1759935584.6393209}