{"duration": 1.4154887199401855, "input_args": {"postId": "7840722"}, "time": 1759935818.1793664}