{"duration": 1.373628854751587, "input_args": {"slug": "'lru-cache'"}, "time": 1759933731.3802605}