{"duration": 1.3749654293060303, "input_args": {"postId": "149293"}, "time": 1759173756.265802}