{"duration": 1.3736751079559326, "input_args": {"postId": "120050"}, "time": 1759174192.0003374}