{"duration": 1.4080557823181152, "input_args": {"postId": "5880960"}, "time": 1759935822.8430464}