{"duration": 1.5014209747314453, "input_args": {"postId": "5621786"}, "time": 1759934840.3972282}