{"duration": 1.4584503173828125, "input_args": {"slug": "'generate-parentheses'"}, "time": 1759168391.8834648}