{"duration": 1.4000976085662842, "input_args": {"slug": "'interleaving-string'"}, "time": 1759933889.1587615}