{"duration": 1.4703900814056396, "input_args": {"postId": "27566"}, "time": 1759935044.2759678}