{"duration": 1.4215388298034668, "input_args": {"postId": "86759"}, "time": 1759174576.3717992}