{"duration": 1.386831283569336, "input_args": {"postId": "6774161"}, "time": 1759173774.5095584}