{"duration": 1.378481388092041, "input_args": {"postId": "2895397"}, "time": 1759174472.712319}