{"duration": 4.342110633850098, "input_args": {"slug": "'valid-palindrome'"}, "time": 1759165900.9739003}