{"duration": 1.3823223114013672, "input_args": {"postId": "5431732"}, "time": 1759935009.6524725}