{"duration": 1.569667100906372, "input_args": {"postId": "5261348"}, "time": 1759935232.5139964}