{"duration": 1.4029841423034668, "input_args": {"slug": "'combination-sum-iii'"}, "time": 1759166089.8974972}