{"duration": 1.3849642276763916, "input_args": {"postId": "6140276"}, "time": 1759174453.4555655}