{"duration": 1.4312245845794678, "input_args": {"slug": "'minimum-flips-to-make-a-or-b-equal-to-c'"}, "time": 1759166108.7685905}