{"duration": 1.371513843536377, "input_args": {"postId": "105982"}, "time": 1759174069.9801154}