{"duration": 2.0357489585876465, "input_args": {"slug": "'minimum-window-substring'"}, "time": 1759168288.8618102}