{"duration": 1.4511291980743408, "input_args": {"postId": "151130"}, "time": 1759935787.0956604}