{"duration": 1.3991546630859375, "input_args": {"postId": "3042539"}, "time": 1759935882.1113997}