{"duration": 1.4028589725494385, "input_args": {"postId": "988276"}, "time": 1759935340.5850708}