{"duration": 1.3965013027191162, "input_args": {"slug": "'binary-search-tree-iterator'"}, "time": 1759933748.2683227}