{"duration": 1.5362169742584229, "input_args": {"postId": "7087238"}, "time": 1759934834.6647515}