{"duration": 1.4515295028686523, "input_args": {"slug": "'populating-next-right-pointers-in-each-node-ii'"}, "time": 1759933741.247909}