{"duration": 1.580256462097168, "input_args": {"postId": "5328618"}, "time": 1759935757.332633}