{"duration": 1.3848621845245361, "input_args": {"postId": "4965019"}, "time": 1759174225.7995589}