{"duration": 1.7014856338500977, "input_args": {"postId": "4977694"}, "time": 1759173893.7205467}