{"duration": 1.4399502277374268, "input_args": {"slug": "'clone-graph'"}, "time": 1759933776.4553864}