{"duration": 1.939913034439087, "input_args": {"postId": "1420361"}, "time": 1759174554.7055378}