{"duration": 1.449291467666626, "input_args": {"postId": "5221989"}, "time": 1759935799.296445}