{"duration": 1.378166675567627, "input_args": {"slug": "'maximum-subsequence-score'"}, "time": 1759166079.5173337}