{"duration": 1.4312584400177002, "input_args": {"postId": "4962029"}, "time": 1759935707.166519}