{"duration": 1.377084732055664, "input_args": {"slug": "'max-consecutive-ones-iii'"}, "time": 1759933646.5945575}