{"duration": 1.3723747730255127, "input_args": {"postId": "4831903"}, "time": 1759174353.528718}