{"duration": 1.5029783248901367, "input_args": {"postId": "6795345"}, "time": 1759935110.1036787}