{"duration": 1.3939828872680664, "input_args": {"postId": "4097619"}, "time": 1759174088.508878}