{"duration": 2.064162254333496, "input_args": {"postId": "5614420"}, "time": 1759934822.5239918}