{"duration": 1.7887587547302246, "input_args": {"postId": "1203714"}, "time": 1759935015.1492143}