{"duration": 1.4001545906066895, "input_args": {"postId": "2078408"}, "time": 1759935348.9019816}