{"duration": 1.395521879196167, "input_args": {"slug": "'implement-trie-prefix-tree'"}, "time": 1759933794.1163952}