{"duration": 1.4239423274993896, "input_args": {"postId": "5589484"}, "time": 1759935897.4769413}