{"duration": 1.4324045181274414, "input_args": {"slug": "'best-time-to-buy-and-sell-stock'"}, "time": 1759933609.8612797}