{"duration": 1.4219818115234375, "input_args": {"slug": "'n-th-tribonacci-number'"}, "time": 1759933865.688874}