{"duration": 1.4095282554626465, "input_args": {"slug": "'delete-the-middle-node-of-a-linked-list'"}, "time": 1759166045.3680193}