{"duration": 1.5171639919281006, "input_args": {"slug": "'unique-paths'"}, "time": 1759933877.1253834}