{"duration": 1.4395554065704346, "input_args": {"slug": "'longest-substring-without-repeating-characters'"}, "time": 1759933650.8319955}