{"duration": 1.5228462219238281, "input_args": {"postId": "1099391"}, "time": 1759935227.647252}