{"duration": 1.393401861190796, "input_args": {"slug": "'rotate-list'"}, "time": 1759933728.584479}