{"duration": 1.414675235748291, "input_args": {"postId": "4853462"}, "time": 1759174372.868673}