{"duration": 1.4016461372375488, "input_args": {"postId": "4977687"}, "time": 1759174448.4946992}