{"duration": 1.4240951538085938, "input_args": {"slug": "'house-robber'"}, "time": 1759933868.5731275}