{"duration": 1.3928148746490479, "input_args": {"postId": "5586489"}, "time": 1759173704.8204048}