{"duration": 1.5540258884429932, "input_args": {"postId": "5368368"}, "time": 1759173924.1311107}