{"duration": 1.3928163051605225, "input_args": {"slug": "'product-of-array-except-self'"}, "time": 1759933596.7327228}