{"duration": 1.3844330310821533, "input_args": {"slug": "'merge-intervals'"}, "time": 1759168316.2558856}