{"duration": 2.032945156097412, "input_args": {"postId": "5589425"}, "time": 1759173623.5107665}