{"duration": 1.3805797100067139, "input_args": {"slug": "'longest-palindromic-substring'"}, "time": 1759168443.5467877}