{"duration": 1.5754828453063965, "input_args": {"postId": "2933780"}, "time": 1759935811.6933615}