{"duration": 2.3539111614227295, "input_args": {"slug": "'merge-sorted-array'"}, "time": 1759933578.5244064}