{"duration": 1.3690752983093262, "input_args": {"postId": "5030351"}, "time": 1759173629.5651114}