{"duration": 1.491715669631958, "input_args": {"postId": "95435"}, "time": 1759173523.1414027}