{"duration": 1.3775713443756104, "input_args": {"postId": "2778221"}, "time": 1759935291.996337}