{"duration": 1.365478515625, "input_args": {"postId": "20410"}, "time": 1759173963.0986848}