{"duration": 1.3815138339996338, "input_args": {"slug": "'text-justification'"}, "time": 1759933631.523062}