{"duration": 1.3951268196105957, "input_args": {"postId": "663981"}, "time": 1759935354.9574406}