{"duration": 1.4082098007202148, "input_args": {"slug": "'remove-nth-node-from-end-of-list'"}, "time": 1759933727.188431}