{"duration": 1.698965311050415, "input_args": {"postId": "7745939"}, "time": 1759934873.1984384}