{"duration": 1.3819727897644043, "input_args": {"postId": "4957943"}, "time": 1759173851.9157097}