{"duration": 1.3686492443084717, "input_args": {"postId": "5024925"}, "time": 1759174401.0269687}