{"duration": 1.9931447505950928, "input_args": {"slug": "'path-sum-iii'"}, "time": 1759166055.953702}