{"duration": 1.3771514892578125, "input_args": {"postId": "530870"}, "time": 1759935586.0168958}