{"duration": 2.4995174407958984, "input_args": {"postId": "4957943"}, "time": 1759935202.7259915}