{"duration": 1.6363246440887451, "input_args": {"postId": "6267892"}, "time": 1759174477.8134744}