{"duration": 1.5050280094146729, "input_args": {"postId": "2351567"}, "time": 1759935920.9971938}