{"duration": 1.398494005203247, "input_args": {"slug": "'search-suggestions-system'"}, "time": 1759166117.2329073}