{"duration": 1.3715190887451172, "input_args": {"postId": "41309"}, "time": 1759173739.2344863}