{"duration": 1.4065382480621338, "input_args": {"postId": "5350337"}, "time": 1759935524.2926824}