{"duration": 1.3975095748901367, "input_args": {"slug": "'removing-stars-from-a-string'"}, "time": 1759933691.9719198}