{"duration": 1.3862295150756836, "input_args": {"slug": "'longest-common-prefix'"}, "time": 1759933627.3445742}