{"duration": 1.5622894763946533, "input_args": {"slug": "'maximum-level-sum-of-a-binary-tree'"}, "time": 1759933759.857911}