{"duration": 1.3921494483947754, "input_args": {"slug": "'linked-list-cycle'"}, "time": 1759933718.4626281}