{"duration": 1.4035029411315918, "input_args": {"slug": "'binary-tree-level-order-traversal'"}, "time": 1759933762.65312}