{"duration": 1.577075719833374, "input_args": {"slug": "'simplify-path'"}, "time": 1759933697.8200376}