{"duration": 1.4017407894134521, "input_args": {"slug": "'maximum-subarray'"}, "time": 1759933817.01715}