{"duration": 1.439194679260254, "input_args": {"postId": "22189"}, "time": 1759935733.0538852}