{"duration": 1.3905417919158936, "input_args": {"slug": "'symmetric-tree'"}, "time": 1759168345.366791}