{"duration": 1.6425085067749023, "input_args": {"postId": "46001"}, "time": 1759174633.7929838}