{"duration": 1.4082672595977783, "input_args": {"slug": "'reverse-linked-list-ii'"}, "time": 1759933724.3748803}