{"duration": 1.553968906402588, "input_args": {"postId": "6890109"}, "time": 1759935264.256421}