{"duration": 1.9297311305999756, "input_args": {"postId": "26048"}, "time": 1759934950.7468069}