{"duration": 1.3637855052947998, "input_args": {"postId": "4014778"}, "time": 1759173941.5616949}