{"duration": 1.4086148738861084, "input_args": {"postId": "2800027"}, "time": 1759935948.953526}