{"duration": 1.4489836692810059, "input_args": {"postId": "68668"}, "time": 1759935714.8636656}