{"duration": 1.409757137298584, "input_args": {"postId": "123998"}, "time": 1759935172.230191}