{"duration": 1.4127120971679688, "input_args": {"postId": "6523909"}, "time": 1759934985.61612}