{"duration": 1.5471806526184082, "input_args": {"slug": "'odd-even-linked-list'"}, "time": 1759933714.2032964}