{"duration": 1.3989765644073486, "input_args": {"slug": "'word-ladder'"}, "time": 1759168381.8342943}