{"duration": 1.3819749355316162, "input_args": {"postId": "7840722"}, "time": 1759174426.2014866}