{"duration": 1.7409186363220215, "input_args": {"postId": "5608403"}, "time": 1759174348.9914124}