{"duration": 1.4003832340240479, "input_args": {"postId": "123998"}, "time": 1759173823.9160583}