{"duration": 1.408158302307129, "input_args": {"slug": "'invert-binary-tree'"}, "time": 1759933735.5614731}