{"duration": 1.4364750385284424, "input_args": {"postId": "5139115"}, "time": 1759935400.6509159}