{"duration": 2.139815092086792, "input_args": {"slug": "'asteroid-collision'"}, "time": 1759166038.411889}