{"duration": 1.3793601989746094, "input_args": {"postId": "2147085"}, "time": 1759174047.1021779}