{"duration": 1.3745324611663818, "input_args": {"postId": "77076"}, "time": 1759174649.609887}