{"duration": 1.3859174251556396, "input_args": {"postId": "2338339"}, "time": 1759174220.9977045}