{"duration": 1.3808960914611816, "input_args": {"postId": "1472337"}, "time": 1759935296.7902904}