{"duration": 1.8607752323150635, "input_args": {"postId": "146531"}, "time": 1759173657.118214}