{"duration": 1.4610626697540283, "input_args": {"postId": "7952930"}, "time": 1759935102.9133801}