{"duration": 2.0693583488464355, "input_args": {"slug": "'max-number-of-k-sum-pairs'"}, "time": 1759933638.055971}