{"duration": 1.9989545345306396, "input_args": {"postId": "4971987"}, "time": 1759173829.1346595}