{"duration": 1.4568603038787842, "input_args": {"slug": "'longest-increasing-subsequence'"}, "time": 1759933875.607191}