{"duration": 1.4055192470550537, "input_args": {"postId": "8031254"}, "time": 1759934984.2029505}