{"duration": 1.3964576721191406, "input_args": {"postId": "5608403"}, "time": 1759935737.7900426}