{"duration": 1.539069414138794, "input_args": {"postId": "560902"}, "time": 1759935413.1548386}