{"duration": 1.5128114223480225, "input_args": {"postId": "6045546"}, "time": 1759173952.5231524}