{"duration": 1.3766920566558838, "input_args": {"postId": "118506"}, "time": 1759174186.0067525}