{"duration": 1.4456710815429688, "input_args": {"postId": "5299640"}, "time": 1759173494.219941}