{"duration": 1.4028921127319336, "input_args": {"postId": "4656498"}, "time": 1759174196.8956032}