{"duration": 1.6695067882537842, "input_args": {"postId": "5393584"}, "time": 1759173737.8624952}