{"duration": 1.4359745979309082, "input_args": {"postId": "4977694"}, "time": 1759935245.3843937}