{"duration": 1.393181324005127, "input_args": {"postId": "5124222"}, "time": 1759174023.8760176}