{"duration": 1.3726143836975098, "input_args": {"postId": "5679661"}, "time": 1759173693.873039}