{"duration": 1.5264933109283447, "input_args": {"postId": "4439849"}, "time": 1759935619.46184}