{"duration": 1.4228856563568115, "input_args": {"slug": "'minimum-flips-to-make-a-or-b-equal-to-c'"}, "time": 1759933846.1752028}