{"duration": 1.4015517234802246, "input_args": {"slug": "'ransom-note'"}, "time": 1759933672.0674071}