{"duration": 1.3899097442626953, "input_args": {"postId": "50657"}, "time": 1759935996.3800805}