{"duration": 1.385422706604004, "input_args": {"postId": "2896981"}, "time": 1759173947.5961564}