{"duration": 1.3923697471618652, "input_args": {"postId": "68649"}, "time": 1759935716.2564974}