{"duration": 1.3669874668121338, "input_args": {"postId": "7823239"}, "time": 1759173651.781064}