{"duration": 1.4581024646759033, "input_args": {"slug": "'min-cost-climbing-stairs'"}, "time": 1759933867.1480093}