{"duration": 1.5140068531036377, "input_args": {"postId": "111107"}, "time": 1759935870.955252}