{"duration": 1.7697348594665527, "input_args": {"slug": "'lowest-common-ancestor-of-a-binary-tree'"}, "time": 1759166059.1882236}