{"duration": 1.4016354084014893, "input_args": {"postId": "5684031"}, "time": 1759934777.8418026}