{"duration": 1.3733272552490234, "input_args": {"postId": "1263765"}, "time": 1759174093.039881}