{"duration": 1.3829474449157715, "input_args": {"slug": "'edit-distance'"}, "time": 1759933881.318094}