{"duration": 1.366269826889038, "input_args": {"postId": "586454"}, "time": 1759174204.3387086}