{"duration": 1.4054367542266846, "input_args": {"slug": "'letter-combinations-of-a-phone-number'"}, "time": 1759933799.8958514}