{"duration": 1.3809030055999756, "input_args": {"postId": "5713974"}, "time": 1759174014.606326}