{"duration": 1.3824708461761475, "input_args": {"slug": "'maximal-square'"}, "time": 1759168449.535415}