{"duration": 1.3804900646209717, "input_args": {"postId": "5556482"}, "time": 1759935195.48337}