{"duration": 1.374065637588501, "input_args": {"slug": "'two-sum'"}, "time": 1759168308.5980723}