{"duration": 1.445493459701538, "input_args": {"postId": "4965019"}, "time": 1759935603.0424953}