{"duration": 1.3749401569366455, "input_args": {"postId": "6795345"}, "time": 1759173769.9048715}