{"duration": 2.214526653289795, "input_args": {"slug": "'dota2-senate'"}, "time": 1759166043.9572773}