{"duration": 1.4100704193115234, "input_args": {"postId": "867121"}, "time": 1759934888.1412406}