{"duration": 1.4190483093261719, "input_args": {"slug": "'happy-number'"}, "time": 1759933680.5528352}