{"duration": 1.4163691997528076, "input_args": {"postId": "6741765"}, "time": 1759934866.7388248}