{"duration": 1.5554091930389404, "input_args": {"postId": "3962771"}, "time": 1759173710.9706585}