{"duration": 1.3903987407684326, "input_args": {"postId": "113644"}, "time": 1759935479.9977467}