{"duration": 1.4980652332305908, "input_args": {"postId": "4962023"}, "time": 1759935051.2364483}