{"duration": 2.010758399963379, "input_args": {"postId": "1647458"}, "time": 1759935221.447579}