{"duration": 1.4707756042480469, "input_args": {"slug": "'binary-tree-zigzag-level-order-traversal'"}, "time": 1759933764.1257484}