{"duration": 2.0011491775512695, "input_args": {"postId": "2147085"}, "time": 1759935415.156469}