{"duration": 1.403773307800293, "input_args": {"slug": "'house-robber'"}, "time": 1759166096.6640458}