{"duration": 1.3925085067749023, "input_args": {"slug": "'find-the-difference-of-two-arrays'"}, "time": 1759933666.514894}