{"duration": 1.5368120670318604, "input_args": {"postId": "1965111"}, "time": 1759174123.5124316}