{"duration": 1.3737006187438965, "input_args": {"postId": "4997262"}, "time": 1759174008.5499725}