{"duration": 1.5221223831176758, "input_args": {"slug": "'word-search-ii'"}, "time": 1759933798.4894803}