{"duration": 1.643207311630249, "input_args": {"slug": "'keys-and-rooms'"}, "time": 1759166066.5437229}