{"duration": 1.418121337890625, "input_args": {"postId": "8059363"}, "time": 1759934782.9702446}