{"duration": 2.424224853515625, "input_args": {"postId": "4831903"}, "time": 1759935743.4690237}