{"duration": 2.4208180904388428, "input_args": {"postId": "7170633"}, "time": 1759934853.0900593}