{"duration": 1.3938252925872803, "input_args": {"slug": "'sqrtx'"}, "time": 1759933861.0604217}