{"duration": 1.3789987564086914, "input_args": {"postId": "2968036"}, "time": 1759174264.3956811}