{"duration": 1.3660712242126465, "input_args": {"postId": "149682"}, "time": 1759935143.1407845}