{"duration": 1.3919095993041992, "input_args": {"postId": "2078408"}, "time": 1759173988.0610814}