{"duration": 1.3630352020263672, "input_args": {"postId": "66195"}, "time": 1759174132.85835}