{"duration": 1.614875316619873, "input_args": {"slug": "'minimum-absolute-difference-in-bst'"}, "time": 1759168364.4758842}