{"duration": 1.3991589546203613, "input_args": {"postId": "50959"}, "time": 1759935086.6106699}