{"duration": 1.4016094207763672, "input_args": {"slug": "'find-peak-element'"}, "time": 1759933832.5161853}