{"duration": 1.4674701690673828, "input_args": {"postId": "5684031"}, "time": 1759173516.7490594}