{"duration": 1.3724613189697266, "input_args": {"postId": "6523909"}, "time": 1759173669.226683}