{"duration": 1.3846213817596436, "input_args": {"slug": "'length-of-last-word'"}, "time": 1759933625.9556448}