{"duration": 1.3866920471191406, "input_args": {"postId": "6890109"}, "time": 1759173909.2740464}