{"duration": 2.4612233638763428, "input_args": {"postId": "94897"}, "time": 1759935251.0517406}