{"duration": 1.397758960723877, "input_args": {"slug": "'longest-zigzag-path-in-a-binary-tree'"}, "time": 1759933755.313434}