{"duration": 1.7661268711090088, "input_args": {"postId": "8117268"}, "time": 1759174512.9469957}