{"duration": 1.374833106994629, "input_args": {"postId": "6852065"}, "time": 1759174601.286017}