{"duration": 1.376291275024414, "input_args": {"slug": "'n-queens-ii'"}, "time": 1759933806.8506882}