{"duration": 1.4068515300750732, "input_args": {"postId": "3042539"}, "time": 1759174490.465644}