{"duration": 1.7241013050079346, "input_args": {"slug": "'contains-duplicate-ii'"}, "time": 1759168311.7310236}