{"duration": 1.391028642654419, "input_args": {"slug": "'summary-ranges'"}, "time": 1759933687.7610562}