{"duration": 1.3792004585266113, "input_args": {"postId": "2984653"}, "time": 1759173570.3263264}