{"duration": 1.4636144638061523, "input_args": {"slug": "'maximum-twin-sum-of-a-linked-list'"}, "time": 1759166049.6082838}