{"duration": 1.4029128551483154, "input_args": {"postId": "5193749"}, "time": 1759174626.764956}