{"duration": 1.4326798915863037, "input_args": {"postId": "6788744"}, "time": 1759934886.7307317}