{"duration": 2.3886682987213135, "input_args": {"slug": "'invert-binary-tree'"}, "time": 1759168343.9750605}