{"duration": 1.403357744216919, "input_args": {"slug": "'add-two-numbers'"}, "time": 1759168328.183339}