{"duration": 2.5540781021118164, "input_args": {"postId": "5308067"}, "time": 1759934816.8560734}