{"duration": 1.3772783279418945, "input_args": {"postId": "6737711"}, "time": 1759174080.8073623}