{"duration": 1.382514476776123, "input_args": {"postId": "6051046"}, "time": 1759935328.3352184}