{"duration": 1.400712013244629, "input_args": {"slug": "'merge-intervals'"}, "time": 1759933689.1645534}