{"duration": 1.5503177642822266, "input_args": {"slug": "'add-binary'"}, "time": 1759933847.7277193}