{"duration": 1.514350414276123, "input_args": {"slug": "'3sum'"}, "time": 1759168282.4075522}