{"duration": 1.3859009742736816, "input_args": {"postId": "5620761"}, "time": 1759173958.5345829}