{"duration": 1.371047019958496, "input_args": {"postId": "4968809"}, "time": 1759174128.2957702}