{"duration": 1.3885657787322998, "input_args": {"postId": "1057717"}, "time": 1759173658.507277}