{"duration": 1.4309301376342773, "input_args": {"postId": "5393584"}, "time": 1759935073.8067305}