{"duration": 1.7642097473144531, "input_args": {"slug": "'remove-nth-node-from-end-of-list'"}, "time": 1759168335.7211077}