{"duration": 7.337248086929321, "input_args": {"slug": "'remove-element'"}, "time": 1759165890.6970785}