{"duration": 1.619720458984375, "input_args": {"slug": "'valid-parentheses'"}, "time": 1759168319.627381}