{"duration": 1.4119207859039307, "input_args": {"postId": "5274619"}, "time": 1759935816.7633955}