{"duration": 1.4945757389068604, "input_args": {"postId": "2042063"}, "time": 1759174288.1440594}