{"duration": 1.369905710220337, "input_args": {"postId": "1127345"}, "time": 1759174064.0628667}