{"duration": 1.4183847904205322, "input_args": {"slug": "'partition-list'"}, "time": 1759933730.005792}