{"duration": 1.4282219409942627, "input_args": {"slug": "'average-of-levels-in-binary-tree'"}, "time": 1759168359.9067347}