{"duration": 1.3692173957824707, "input_args": {"postId": "7484437"}, "time": 1759171096.830659}