{"duration": 1.4121477603912354, "input_args": {"postId": "125548"}, "time": 1759935444.1872182}