{"duration": 1.4889276027679443, "input_args": {"postId": "6774161"}, "time": 1759935116.2016146}