{"duration": 1.3922481536865234, "input_args": {"postId": "5048597"}, "time": 1759174614.726588}