{"duration": 1.370530366897583, "input_args": {"postId": "3075601"}, "time": 1759174178.5364177}