{"duration": 1.365952491760254, "input_args": {"postId": "5609959"}, "time": 1759174608.2315447}