{"duration": 1.3828396797180176, "input_args": {"slug": "'search-in-rotated-sorted-array'"}, "time": 1759933838.474851}