{"duration": 1.3738596439361572, "input_args": {"postId": "5686013"}, "time": 1759173700.0333998}