{"duration": 1.3813152313232422, "input_args": {"postId": "4971062"}, "time": 1759173830.5176544}