{"duration": 1.4751865863800049, "input_args": {"postId": "7879516"}, "time": 1759935274.2496307}