{"duration": 1.3893225193023682, "input_args": {"postId": "6328017"}, "time": 1759174638.4949183}