{"duration": 1.3744118213653564, "input_args": {"postId": "1423967"}, "time": 1759174354.9036005}