{"duration": 1.639777421951294, "input_args": {"postId": "5304395"}, "time": 1759935469.0091367}