{"duration": 4.301144123077393, "input_args": {"slug": "'number-of-recent-calls'"}, "time": 1759933709.8599808}