{"duration": 1.41404390335083, "input_args": {"postId": "5024925"}, "time": 1759935791.745031}