{"duration": 1.386911392211914, "input_args": {"slug": "'find-the-highest-altitude'"}, "time": 1759933655.392651}