{"duration": 1.4110710620880127, "input_args": {"postId": "5776357"}, "time": 1759174138.839657}