{"duration": 1.4609439373016357, "input_args": {"slug": "'longest-zigzag-path-in-a-binary-tree'"}, "time": 1759166057.4156215}