{"duration": 1.4226040840148926, "input_args": {"postId": "1459745"}, "time": 1759936032.8576844}