{"duration": 1.4028873443603516, "input_args": {"slug": "'kth-largest-element-in-an-array'"}, "time": 1759933819.8104758}