{"duration": 1.3805279731750488, "input_args": {"postId": "26048"}, "time": 1759173650.4135737}