{"duration": 1.5045318603515625, "input_args": {"postId": "1594030"}, "time": 1759935572.6988266}