{"duration": 1.3797285556793213, "input_args": {"slug": "'guess-number-higher-or-lower'"}, "time": 1759933829.70973}