{"duration": 1.5244417190551758, "input_args": {"postId": "605851"}, "time": 1759174233.2530034}