{"duration": 1.3801958560943604, "input_args": {"postId": "5265437"}, "time": 1759173863.9503093}