{"duration": 1.4150373935699463, "input_args": {"postId": "4741396"}, "time": 1759174654.837685}