{"duration": 1.3783979415893555, "input_args": {"postId": "1647145"}, "time": 1759173868.540183}