{"duration": 1.6951212882995605, "input_args": {"postId": "4096250"}, "time": 1759174087.1143699}