{"duration": 1.6096642017364502, "input_args": {"slug": "'snakes-and-ladders'"}, "time": 1759933789.8676367}