{"duration": 1.7463583946228027, "input_args": {"postId": "45843"}, "time": 1759174632.1499708}