{"duration": 2.6144537925720215, "input_args": {"postId": "7517657"}, "time": 1759934913.882848}