{"duration": 1.3771584033966064, "input_args": {"postId": "1617294"}, "time": 1759174144.8633127}