{"duration": 1.4974892139434814, "input_args": {"postId": "2975648"}, "time": 1759934847.1125484}