{"duration": 1.4170336723327637, "input_args": {"postId": "8031254"}, "time": 1759173667.8537295}