{"duration": 1.379828929901123, "input_args": {"postId": "149682"}, "time": 1759173795.9621677}