{"duration": 2.130937099456787, "input_args": {"slug": "'move-zeroes'"}, "time": 1759166008.667413}