{"duration": 1.6753463745117188, "input_args": {"slug": "'same-tree'"}, "time": 1759168341.5835123}