{"duration": 1.3734428882598877, "input_args": {"postId": "4602601"}, "time": 1759935451.5462918}