{"duration": 3.9498684406280518, "input_args": {"slug": "'implement-trie-prefix-tree'"}, "time": 1759166115.831522}