{"duration": 1.405212640762329, "input_args": {"postId": "1428485"}, "time": 1759935964.8653865}