{"duration": 1.3729910850524902, "input_args": {"postId": "3536466"}, "time": 1759174307.0816274}