{"duration": 2.0160040855407715, "input_args": {"postId": "23612"}, "time": 1759935342.6015043}