{"duration": 1.3981285095214844, "input_args": {"slug": "'count-complete-tree-nodes'"}, "time": 1759933749.6680143}