{"duration": 1.768373727798462, "input_args": {"slug": "'powx-n'"}, "time": 1759168430.1369894}