{"duration": 2.335488796234131, "input_args": {"postId": "5053853"}, "time": 1759935726.6903844}