{"duration": 1.4033303260803223, "input_args": {"slug": "'validate-binary-search-tree'"}, "time": 1759933771.1638305}