{"duration": 1.4424793720245361, "input_args": {"slug": "'binary-tree-zigzag-level-order-traversal'"}, "time": 1759168362.8593745}