{"duration": 1.4226880073547363, "input_args": {"postId": "7286123"}, "time": 1759173635.7331002}