{"duration": 1.3959577083587646, "input_args": {"postId": "1890991"}, "time": 1759174393.4878888}