{"duration": 1.3796463012695312, "input_args": {"slug": "'two-sum-ii-input-array-is-sorted'"}, "time": 1759165904.1605663}