{"duration": 1.386892557144165, "input_args": {"postId": "4971074"}, "time": 1759935960.0421011}