{"duration": 1.386427402496338, "input_args": {"slug": "'keys-and-rooms'"}, "time": 1759933781.0300639}