{"duration": 1.444406509399414, "input_args": {"slug": "'search-a-2d-matrix'"}, "time": 1759933837.0894914}