{"duration": 1.490687608718872, "input_args": {"slug": "'max-points-on-a-line'"}, "time": 1759168431.6307256}