{"duration": 1.475464105606079, "input_args": {"postId": "86759"}, "time": 1759935958.6547499}