{"duration": 1.7396507263183594, "input_args": {"postId": "5622256"}, "time": 1759934827.612343}