{"duration": 1.9144909381866455, "input_args": {"postId": "5712504"}, "time": 1759935128.7426827}