{"duration": 1.3737423419952393, "input_args": {"postId": "896067"}, "time": 1759173874.8745308}