{"duration": 1.8478097915649414, "input_args": {"slug": "'rotate-image'"}, "time": 1759168294.0409272}