{"duration": 1.418661117553711, "input_args": {"slug": "'reverse-nodes-in-k-group'"}, "time": 1759168333.9557004}