{"duration": 1.3851349353790283, "input_args": {"slug": "'equal-row-and-column-pairs'"}, "time": 1759933670.6626916}