{"duration": 1.384394645690918, "input_args": {"slug": "'surrounded-regions'"}, "time": 1759933775.012626}