{"duration": 1.3987603187561035, "input_args": {"postId": "5636337"}, "time": 1759174387.0888476}