{"duration": 1.8218631744384766, "input_args": {"slug": "'evaluate-division'"}, "time": 1759166071.1906867}