{"duration": 1.7102363109588623, "input_args": {"slug": "'non-overlapping-intervals'"}, "time": 1759166110.4807377}