{"duration": 1.4084455966949463, "input_args": {"postId": "1420361"}, "time": 1759935939.5471728}