{"duration": 1.3931241035461426, "input_args": {"postId": "5102857"}, "time": 1759934940.279184}