{"duration": 1.4149339199066162, "input_args": {"slug": "'jump-game-ii'"}, "time": 1759168265.1071687}