{"duration": 1.3722987174987793, "input_args": {"postId": "30919"}, "time": 1759173732.781742}