{"duration": 1.4310967922210693, "input_args": {"slug": "'delete-node-in-a-bst'"}, "time": 1759166064.8992162}