{"duration": 1.731398344039917, "input_args": {"slug": "'flatten-binary-tree-to-linked-list'"}, "time": 1759168351.4016578}