{"duration": 1.3925132751464844, "input_args": {"postId": "4137029"}, "time": 1759174315.2804482}