{"duration": 1.3758039474487305, "input_args": {"slug": "'valid-anagram'"}, "time": 1759933676.2295434}