{"duration": 1.3769769668579102, "input_args": {"postId": "2001504"}, "time": 1759174198.2730842}