{"duration": 1.3838307857513428, "input_args": {"postId": "125116"}, "time": 1759936044.771086}