{"duration": 1.5276331901550293, "input_args": {"slug": "'bitwise-and-of-numbers-range'"}, "time": 1759168422.456735}