{"duration": 1.3781945705413818, "input_args": {"postId": "5139115"}, "time": 1759174034.4999518}