{"duration": 1.4198648929595947, "input_args": {"postId": "2434932"}, "time": 1759934800.595892}