{"duration": 1.3781425952911377, "input_args": {"postId": "114123"}, "time": 1759935536.8039358}