{"duration": 1.4051704406738281, "input_args": {"postId": "2334333"}, "time": 1759935208.798619}