{"duration": 1.387268304824829, "input_args": {"postId": "646795"}, "time": 1759935519.617906}