{"duration": 1.385284662246704, "input_args": {"postId": "2226717"}, "time": 1759174294.6054704}