{"duration": 1.4129233360290527, "input_args": {"slug": "'number-of-islands'"}, "time": 1759168368.9042318}