{"duration": 1.4016458988189697, "input_args": {"postId": "73642"}, "time": 1759935408.2828846}