{"duration": 1.4218790531158447, "input_args": {"postId": "5099460"}, "time": 1759935810.1174338}