{"duration": 1.612966537475586, "input_args": {"slug": "'string-compression'"}, "time": 1759166006.5336623}