{"duration": 1.3999834060668945, "input_args": {"postId": "3838789"}, "time": 1759173780.5706952}