{"duration": 1.3978779315948486, "input_args": {"slug": "'maximum-depth-of-binary-tree'"}, "time": 1759166051.0073771}