{"duration": 1.386469841003418, "input_args": {"slug": "'trapping-rain-water'"}, "time": 1759168272.4372957}