{"duration": 1.3853743076324463, "input_args": {"postId": "4868509"}, "time": 1759935938.1382816}