{"duration": 1.9839134216308594, "input_args": {"postId": "7353150"}, "time": 1759934945.4883933}