{"duration": 1.3967516422271729, "input_args": {"slug": "'lowest-common-ancestor-of-a-binary-tree'"}, "time": 1759933756.7131524}