{"duration": 1.3678195476531982, "input_args": {"postId": "50959"}, "time": 1759173750.0974016}