{"duration": 2.01288104057312, "input_args": {"postId": "5368368"}, "time": 1759935279.4817362}