{"duration": 1.3905119895935059, "input_args": {"slug": "'permutations'"}, "time": 1759933804.088918}