{"duration": 1.8696613311767578, "input_args": {"slug": "'basic-calculator'"}, "time": 1759933702.573208}