{"duration": 1.4208848476409912, "input_args": {"slug": "'design-add-and-search-words-data-structure'"}, "time": 1759168383.2577178}