{"duration": 1.3834898471832275, "input_args": {"slug": "'find-minimum-in-rotated-sorted-array'"}, "time": 1759168413.4197617}