{"duration": 1.4160761833190918, "input_args": {"postId": "48759"}, "time": 1759934958.9933321}