{"duration": 1.5866138935089111, "input_args": {"slug": "'trapping-rain-water'"}, "time": 1759933621.623948}