{"duration": 2.25365948677063, "input_args": {"postId": "3832746"}, "time": 1759935121.7991433}