{"duration": 1.3709053993225098, "input_args": {"postId": "37835"}, "time": 1759173745.4511504}