{"duration": 1.4123029708862305, "input_args": {"postId": "129041"}, "time": 1759174156.833861}