{"duration": 1.3901722431182861, "input_args": {"slug": "'lru-cache'"}, "time": 1759168339.9048533}