{"duration": 1.3882431983947754, "input_args": {"slug": "'substring-with-concatenation-of-all-words'"}, "time": 1759933652.2231553}