{"duration": 1.5133771896362305, "input_args": {"slug": "'copy-list-with-random-pointer'"}, "time": 1759168331.1485658}