{"duration": 1.394564151763916, "input_args": {"postId": "4697546"}, "time": 1759173628.1954882}