{"duration": 1.3819055557250977, "input_args": {"postId": "4968823"}, "time": 1759174028.4862032}