{"duration": 1.3663349151611328, "input_args": {"postId": "1099391"}, "time": 1759173876.241331}