{"duration": 1.4842641353607178, "input_args": {"slug": "'factorial-trailing-zeroes'"}, "time": 1759933859.665505}