{"duration": 1.4550998210906982, "input_args": {"slug": "'successful-pairs-of-spells-and-potions'"}, "time": 1759166083.8363738}