{"duration": 1.5557353496551514, "input_args": {"slug": "'reverse-bits'"}, "time": 1759933849.2864523}