{"duration": 1.4017741680145264, "input_args": {"slug": "'symmetric-tree'"}, "time": 1759933736.966044}