{"duration": 1.41041898727417, "input_args": {"postId": "337987"}, "time": 1759174332.6269138}