{"duration": 1.3930304050445557, "input_args": {"slug": "'linked-list-cycle'"}, "time": 1759168326.7771122}