{"duration": 1.3977501392364502, "input_args": {"slug": "'merge-k-sorted-lists'"}, "time": 1759933815.612604}