{"duration": 2.07633638381958, "input_args": {"slug": "'can-place-flowers'"}, "time": 1759165999.057178}