{"duration": 1.3903422355651855, "input_args": {"postId": "5622256"}, "time": 1759173546.574431}