{"duration": 1.3784124851226807, "input_args": {"postId": "54293"}, "time": 1759935708.5454504}