{"duration": 1.453744649887085, "input_args": {"postId": "5034569"}, "time": 1759935773.9960978}