{"duration": 1.381014347076416, "input_args": {"postId": "5620761"}, "time": 1759935316.6675696}