{"duration": 1.3800723552703857, "input_args": {"postId": "1127889"}, "time": 1759174065.443428}