{"duration": 1.4131643772125244, "input_args": {"postId": "4816554"}, "time": 1759935902.24549}