{"duration": 1.3713295459747314, "input_args": {"postId": "4440091"}, "time": 1759174239.4503179}