{"duration": 1.6342005729675293, "input_args": {"postId": "70898"}, "time": 1759174053.3489876}