{"duration": 1.3788163661956787, "input_args": {"postId": "3038846"}, "time": 1759174009.9293244}