{"duration": 1.395383596420288, "input_args": {"postId": "7879516"}, "time": 1759173919.1541054}