{"duration": 1.7671918869018555, "input_args": {"slug": "'number-of-1-bits'"}, "time": 1759168419.5115438}