{"duration": 1.3938617706298828, "input_args": {"postId": "4103403"}, "time": 1759935490.691519}