{"duration": 1.3830621242523193, "input_args": {"slug": "'maximum-depth-of-binary-tree'"}, "time": 1759933732.7641435}