{"duration": 1.3803606033325195, "input_args": {"postId": "163987"}, "time": 1759935849.7082882}