{"duration": 1.5334749221801758, "input_args": {"slug": "'remove-duplicates-from-sorted-array'"}, "time": 1759933603.7025704}