{"duration": 1.490858554840088, "input_args": {"postId": "5313906"}, "time": 1759173744.079712}