{"duration": 1.3689954280853271, "input_args": {"postId": "5880960"}, "time": 1759174430.886444}