{"duration": 1.398346185684204, "input_args": {"postId": "73642"}, "time": 1759174040.7935588}