{"duration": 1.6055262088775635, "input_args": {"postId": "1338542"}, "time": 1759935004.8109758}