{"duration": 1.3796484470367432, "input_args": {"postId": "45304"}, "time": 1759174595.3079948}