{"duration": 1.3810515403747559, "input_args": {"postId": "3960659"}, "time": 1759935108.6002111}