{"duration": 1.407283067703247, "input_args": {"postId": "114372"}, "time": 1759935535.4253721}