{"duration": 1.375844955444336, "input_args": {"postId": "5556482"}, "time": 1759173845.7918406}