{"duration": 1.438967227935791, "input_args": {"postId": "5007439"}, "time": 1759935381.8295388}