{"duration": 1.3972108364105225, "input_args": {"slug": "'zigzag-conversion'"}, "time": 1759933628.7446523}