{"duration": 1.4126484394073486, "input_args": {"postId": "7915582"}, "time": 1759935347.5013978}