{"duration": 1.3865346908569336, "input_args": {"postId": "15828"}, "time": 1759173673.913418}