{"duration": 2.4367480278015137, "input_args": {"postId": "3707514"}, "time": 1759934904.3532405}