{"duration": 1.3880653381347656, "input_args": {"postId": "3042629"}, "time": 1759935883.499931}