{"duration": 1.390193223953247, "input_args": {"slug": "'evaluate-division'"}, "time": 1759933785.4630437}