{"duration": 1.3867931365966797, "input_args": {"slug": "'reverse-vowels-of-a-string'"}, "time": 1759933593.9275053}