{"duration": 1.3985440731048584, "input_args": {"slug": "'dota2-senate'"}, "time": 1759933711.2612276}