{"duration": 1.3674750328063965, "input_args": {"postId": "3042629"}, "time": 1759174491.8337264}