{"duration": 1.4654154777526855, "input_args": {"postId": "5589425"}, "time": 1759934919.3127356}