{"duration": 1.3861138820648193, "input_args": {"slug": "'average-of-levels-in-binary-tree'"}, "time": 1759933761.2469082}