{"duration": 1.4730675220489502, "input_args": {"postId": "1610658"}, "time": 1759935353.5618684}