{"duration": 1.3849823474884033, "input_args": {"slug": "'longest-increasing-subsequence'"}, "time": 1759168437.2019088}