{"duration": 1.3696448802947998, "input_args": {"postId": "2984653"}, "time": 1759934854.4602888}