{"duration": 1.409318208694458, "input_args": {"postId": "4096250"}, "time": 1759935456.214278}