{"duration": 1.3832972049713135, "input_args": {"postId": "7952930"}, "time": 1759173763.672974}