{"duration": 1.6197612285614014, "input_args": {"postId": "111107"}, "time": 1759174479.433738}