{"duration": 1.4142687320709229, "input_args": {"slug": "'game-of-life'"}, "time": 1759168296.8785598}