{"duration": 1.3864505290985107, "input_args": {"postId": "126348"}, "time": 1759935258.1673722}