{"duration": 1.4279131889343262, "input_args": {"postId": "39216"}, "time": 1759935922.4255207}