{"duration": 1.379892349243164, "input_args": {"postId": "3075601"}, "time": 1759935547.3435423}