{"duration": 1.4709651470184326, "input_args": {"postId": "37835"}, "time": 1759935081.736029}