{"duration": 1.3906991481781006, "input_args": {"postId": "5261348"}, "time": 1759173881.1110513}