{"duration": 1.3865113258361816, "input_args": {"postId": "7028711"}, "time": 1759935892.7628365}