{"duration": 1.3970458507537842, "input_args": {"slug": "'find-median-from-data-stream'"}, "time": 1759168406.3149192}