{"duration": 1.7237565517425537, "input_args": {"postId": "6737711"}, "time": 1759935450.172387}