{"duration": 1.4072115421295166, "input_args": {"postId": "4910860"}, "time": 1759934759.2265434}