{"duration": 1.405562162399292, "input_args": {"postId": "4977687"}, "time": 1759935840.2235875}