{"duration": 1.397963047027588, "input_args": {"postId": "98087"}, "time": 1759173892.0184546}