{"duration": 1.41105055809021, "input_args": {"slug": "'maximum-subarray'"}, "time": 1759168400.6657186}