{"duration": 1.3998022079467773, "input_args": {"slug": "'integer-to-roman'"}, "time": 1759168275.2592006}