{"duration": 1.3992772102355957, "input_args": {"postId": "1122345"}, "time": 1759936046.1708183}