{"duration": 1.3818509578704834, "input_args": {"postId": "94827"}, "time": 1759173899.8178327}