{"duration": 1.3811931610107422, "input_args": {"postId": "3038846"}, "time": 1759935371.9007797}