{"duration": 1.6317427158355713, "input_args": {"postId": "5193749"}, "time": 1759936011.8566911}