{"duration": 1.5298292636871338, "input_args": {"postId": "7745939"}, "time": 1759173587.6615076}