{"duration": 1.3846766948699951, "input_args": {"postId": "127963"}, "time": 1759935196.8684983}