{"duration": 3.108344793319702, "input_args": {"postId": "7286123"}, "time": 1759934934.8673544}