{"duration": 1.40989351272583, "input_args": {"postId": "3585120"}, "time": 1759174620.7055628}