{"duration": 1.391894817352295, "input_args": {"postId": "969838"}, "time": 1759935061.0528297}