{"duration": 1.4805223941802979, "input_args": {"postId": "5124222"}, "time": 1759935386.7277033}