{"duration": 1.3678674697875977, "input_args": {"postId": "4962023"}, "time": 1759173715.707335}