{"duration": 1.8549199104309082, "input_args": {"slug": "'valid-anagram'"}, "time": 1759168305.7973213}