{"duration": 1.4784228801727295, "input_args": {"postId": "120050"}, "time": 1759935561.3042343}