{"duration": 1.3914780616760254, "input_args": {"postId": "1647145"}, "time": 1759935219.4363854}