{"duration": 2.2709758281707764, "input_args": {"slug": "'isomorphic-strings'"}, "time": 1759168301.5374076}