{"duration": 1.4202353954315186, "input_args": {"postId": "7251672"}, "time": 1759173593.8126755}