{"duration": 1.370220422744751, "input_args": {"postId": "5350337"}, "time": 1759174155.4210672}