{"duration": 1.747237205505371, "input_args": {"slug": "'longest-subarray-of-1s-after-deleting-one-element'"}, "time": 1759166017.991866}