{"duration": 1.4679675102233887, "input_args": {"postId": "5159126"}, "time": 1759173510.3536582}