{"duration": 1.4319918155670166, "input_args": {"postId": "530870"}, "time": 1759174214.965535}