{"duration": 1.8285157680511475, "input_args": {"postId": "5988726"}, "time": 1759936027.9924488}