{"duration": 2.112786293029785, "input_args": {"slug": "'counting-bits'"}, "time": 1759933844.7504182}