{"duration": 1.3953938484191895, "input_args": {"postId": "5274619"}, "time": 1759174424.8188043}