{"duration": 1.4005405902862549, "input_args": {"postId": "906280"}, "time": 1759935857.35206}