{"duration": 2.2173705101013184, "input_args": {"postId": "1423967"}, "time": 1759935745.6868863}