{"duration": 1.3687982559204102, "input_args": {"postId": "121746"}, "time": 1759174359.4418468}