{"duration": 1.401792287826538, "input_args": {"postId": "6958698"}, "time": 1759173928.7596354}