{"duration": 1.4057447910308838, "input_args": {"slug": "'happy-number'"}, "time": 1759168310.0049047}