{"duration": 1.382262945175171, "input_args": {"postId": "162813"}, "time": 1759173536.8392522}