{"duration": 1.420105218887329, "input_args": {"postId": "77076"}, "time": 1759936034.2787292}