{"duration": 1.4657323360443115, "input_args": {"slug": "'best-time-to-buy-and-sell-stock-iv'"}, "time": 1759168448.1499138}