{"duration": 1.400102138519287, "input_args": {"postId": "5665497"}, "time": 1759935953.895905}