{"duration": 1.4615061283111572, "input_args": {"postId": "121746"}, "time": 1759935751.0130713}