{"duration": 1.4222221374511719, "input_args": {"postId": "1813462"}, "time": 1759935793.1677387}