{"duration": 2.2542877197265625, "input_args": {"slug": "'rotting-oranges'"}, "time": 1759166075.2704303}