{"duration": 1.3811280727386475, "input_args": {"slug": "'combination-sum'"}, "time": 1759933805.4730122}