{"duration": 1.3700623512268066, "input_args": {"postId": "4867396"}, "time": 1759174231.7280197}