{"duration": 1.3845510482788086, "input_args": {"postId": "5856626"}, "time": 1759174275.3767796}