{"duration": 1.3881680965423584, "input_args": {"slug": "'binary-tree-maximum-path-sum'"}, "time": 1759933746.8691018}