{"duration": 1.3689281940460205, "input_args": {"postId": "3832746"}, "time": 1759173779.1702325}