{"duration": 2.232065439224243, "input_args": {"postId": "94827"}, "time": 1759935253.2844174}