{"duration": 1.485853910446167, "input_args": {"postId": "6823641"}, "time": 1759174561.7849708}