{"duration": 1.3899292945861816, "input_args": {"slug": "'combination-sum-iii'"}, "time": 1759933801.2885923}