{"duration": 1.3916327953338623, "input_args": {"postId": "45304"}, "time": 1759935978.347677}