{"duration": 3.687863349914551, "input_args": {"postId": "2338339"}, "time": 1759935594.9268959}