{"duration": 1.3670728206634521, "input_args": {"postId": "1059041"}, "time": 1759174227.1673136}