{"duration": 1.3796167373657227, "input_args": {"postId": "80999"}, "time": 1759935427.568339}