{"duration": 1.3882524967193604, "input_args": {"slug": "'word-break'"}, "time": 1759933872.755747}