{"duration": 2.0836777687072754, "input_args": {"postId": "1218635"}, "time": 1759935088.694789}