{"duration": 1.5572912693023682, "input_args": {"slug": "'best-time-to-buy-and-sell-stock-with-transaction-fee'"}, "time": 1759166102.9058945}