{"duration": 1.4942471981048584, "input_args": {"postId": "2648054"}, "time": 1759935464.0554476}