{"duration": 1.4049837589263916, "input_args": {"slug": "'basic-calculator'"}, "time": 1759168325.3810244}