{"duration": 1.3906488418579102, "input_args": {"slug": "'domino-and-tromino-tiling'"}, "time": 1759933869.9657564}