{"duration": 1.9348831176757812, "input_args": {"postId": "2778221"}, "time": 1759173935.323449}