{"duration": 1.4096577167510986, "input_args": {"slug": "'count-complete-tree-nodes'"}, "time": 1759168358.4769473}