{"duration": 1.3770215511322021, "input_args": {"postId": "2696274"}, "time": 1759174058.038458}