{"duration": 1.3785128593444824, "input_args": {"slug": "'unique-number-of-occurrences'"}, "time": 1759933667.8944156}