{"duration": 1.391547679901123, "input_args": {"postId": "21801"}, "time": 1759174342.3942187}