{"duration": 1.5038819313049316, "input_args": {"postId": "5713974"}, "time": 1759935377.03536}