{"duration": 1.3782217502593994, "input_args": {"postId": "5159121"}, "time": 1759173511.7324202}