{"duration": 1.429513931274414, "input_args": {"slug": "'number-of-provinces'"}, "time": 1759933782.4621913}