{"duration": 1.791818618774414, "input_args": {"slug": "'container-with-most-water'"}, "time": 1759166010.460347}