{"duration": 1.3939878940582275, "input_args": {"slug": "'best-time-to-buy-and-sell-stock-iii'"}, "time": 1759168446.6811175}