{"duration": 1.5047917366027832, "input_args": {"slug": "'n-th-tribonacci-number'"}, "time": 1759166091.4033682}