{"duration": 1.4014720916748047, "input_args": {"slug": "'path-sum-iii'"}, "time": 1759933753.9128315}