{"duration": 1.3987336158752441, "input_args": {"slug": "'search-in-a-binary-search-tree'"}, "time": 1759166063.466726}