{"duration": 1.3926587104797363, "input_args": {"postId": "21801"}, "time": 1759935731.6142333}