{"duration": 1.4408974647521973, "input_args": {"slug": "'minimum-genetic-mutation'"}, "time": 1759933791.311555}