{"duration": 1.3710312843322754, "input_args": {"postId": "5765131"}, "time": 1759173835.157588}