{"duration": 1.4056568145751953, "input_args": {"postId": "1472337"}, "time": 1759173940.1973405}