{"duration": 1.4697060585021973, "input_args": {"postId": "46001"}, "time": 1759936017.953082}