{"duration": 1.3683991432189941, "input_args": {"postId": "4983820"}, "time": 1759174250.5380201}