{"duration": 1.6957859992980957, "input_args": {"slug": "'add-two-numbers'"}, "time": 1759933720.1611907}