{"duration": 1.3836112022399902, "input_args": {"slug": "'same-tree'"}, "time": 1759933734.1506977}