{"duration": 1.3667709827423096, "input_args": {"postId": "5271685"}, "time": 1759173887.3263378}