{"duration": 1.7286224365234375, "input_args": {"postId": "5485493"}, "time": 1759934990.6697247}