{"duration": 1.5757603645324707, "input_args": {"postId": "126348"}, "time": 1759173904.6119103}