{"duration": 1.470595121383667, "input_args": {"slug": "'combinations'"}, "time": 1759168386.224433}