{"duration": 1.4628465175628662, "input_args": {"slug": "'word-search'"}, "time": 1759933809.6958854}