{"duration": 1.584265947341919, "input_args": {"postId": "3616569"}, "time": 1759935639.7631178}