{"duration": 1.3657853603363037, "input_args": {"postId": "54293"}, "time": 1759174321.5054328}