{"duration": 1.3907837867736816, "input_args": {"slug": "'minimum-number-of-arrows-to-burst-balloons'"}, "time": 1759933686.368932}