{"duration": 1.3879814147949219, "input_args": {"slug": "'maximum-sum-circular-subarray'"}, "time": 1759933818.4066706}