{"duration": 1.6086845397949219, "input_args": {"postId": "120263"}, "time": 1759174263.0161903}