{"duration": 1.4021143913269043, "input_args": {"postId": "5655859"}, "time": 1759173663.1933773}