{"duration": 1.5828454494476318, "input_args": {"postId": "43572"}, "time": 1759934931.758562}