{"duration": 1.387444257736206, "input_args": {"postId": "70898"}, "time": 1759935421.2400725}