{"duration": 1.3995847702026367, "input_args": {"slug": "'copy-list-with-random-pointer'"}, "time": 1759933722.9639864}