{"duration": 1.3832752704620361, "input_args": {"postId": "7484486"}, "time": 1759934971.5770433}