{"duration": 1.3909494876861572, "input_args": {"slug": "'delete-the-middle-node-of-a-linked-list'"}, "time": 1759933712.6533134}