{"duration": 2.4591171741485596, "input_args": {"slug": "'number-of-islands'"}, "time": 1759933773.6255593}