{"duration": 1.4136476516723633, "input_args": {"slug": "'find-k-pairs-with-smallest-sums'"}, "time": 1759933826.8395379}