{"duration": 1.3882842063903809, "input_args": {"postId": "2226717"}, "time": 1759935678.7128778}