{"duration": 1.4706192016601562, "input_args": {"slug": "'longest-palindromic-substring'"}, "time": 1759933887.7556088}