{"duration": 1.5429723262786865, "input_args": {"postId": "2696274"}, "time": 1759935426.1882184}