{"duration": 1.76029372215271, "input_args": {"postId": "4991374"}, "time": 1759934792.5177376}