{"duration": 1.4306135177612305, "input_args": {"slug": "'find-the-index-of-the-first-occurrence-in-a-string'"}, "time": 1759168280.8920825}