{"duration": 1.5141351222991943, "input_args": {"slug": "'add-binary'"}, "time": 1759168416.3532562}