{"duration": 1.4000487327575684, "input_args": {"slug": "'plus-one'"}, "time": 1759168425.2512357}