{"duration": 1.3981568813323975, "input_args": {"slug": "'number-of-provinces'"}, "time": 1759166067.9431458}