{"duration": 1.4380145072937012, "input_args": {"postId": "94897"}, "time": 1759173898.4355018}