{"duration": 1.4172148704528809, "input_args": {"postId": "4993910"}, "time": 1759935834.093909}