{"duration": 1.5496745109558105, "input_args": {"postId": "1218635"}, "time": 1759173751.647631}