{"duration": 1.3926706314086914, "input_args": {"postId": "5271685"}, "time": 1759935238.8522067}