{"duration": 1.394606590270996, "input_args": {"slug": "'search-a-2d-matrix'"}, "time": 1759168409.1656013}