{"duration": 1.3930461406707764, "input_args": {"postId": "1059041"}, "time": 1759935604.436016}