{"duration": 1.4207799434661865, "input_args": {"postId": "6045546"}, "time": 1759935310.371178}