{"duration": 1.4063658714294434, "input_args": {"postId": "6129504"}, "time": 1759934833.1280267}