{"duration": 1.5523943901062012, "input_args": {"postId": "5053853"}, "time": 1759174337.5686877}