{"duration": 1.848707675933838, "input_args": {"postId": "4853462"}, "time": 1759935764.0908492}