{"duration": 1.3828964233398438, "input_args": {"slug": "'can-place-flowers'"}, "time": 1759933592.5393226}