{"duration": 1.401296854019165, "input_args": {"slug": "'reverse-nodes-in-k-group'"}, "time": 1759933725.77923}