{"duration": 1.4001176357269287, "input_args": {"slug": "'powx-n'"}, "time": 1759933862.4630535}