{"duration": 1.4134399890899658, "input_args": {"slug": "'leaf-similar-trees'"}, "time": 1759933751.084155}