{"duration": 1.4594790935516357, "input_args": {"postId": "4977737"}, "time": 1759174109.3884284}