{"duration": 1.703207015991211, "input_args": {"postId": "4868509"}, "time": 1759174552.7651036}