{"duration": 1.4665203094482422, "input_args": {"slug": "'max-number-of-k-sum-pairs'"}, "time": 1759166011.9277265}