{"duration": 1.3994383811950684, "input_args": {"slug": "'sort-list'"}, "time": 1759168396.3278255}