{"duration": 1.4404981136322021, "input_args": {"slug": "'longest-consecutive-sequence'"}, "time": 1759168313.172506}