{"duration": 1.375053882598877, "input_args": {"postId": "122641"}, "time": 1759935668.0381458}