{"duration": 1.3836510181427002, "input_args": {"postId": "77885"}, "time": 1759170895.4173427}