{"duration": 2.835773468017578, "input_args": {"postId": "93883"}, "time": 1759174538.6544588}