{"duration": 1.7677311897277832, "input_args": {"postId": "2202996"}, "time": 1759935641.5312796}