{"duration": 2.3945868015289307, "input_args": {"postId": "3585120"}, "time": 1759936005.2583172}