{"duration": 1.3725292682647705, "input_args": {"postId": "560902"}, "time": 1759174045.7223163}