{"duration": 1.531867265701294, "input_args": {"slug": "'find-pivot-index'"}, "time": 1759166021.1922941}