{"duration": 1.6804001331329346, "input_args": {"postId": "5364400"}, "time": 1759935101.4518704}