{"duration": 1.375114917755127, "input_args": {"postId": "81384"}, "time": 1759174173.9668233}