{"duration": 1.3794009685516357, "input_args": {"postId": "60304"}, "time": 1759935334.0476415}