{"duration": 1.4142768383026123, "input_args": {"postId": "4994570"}, "time": 1759935803.9049542}