{"duration": 1.6540207862854004, "input_args": {"postId": "81366"}, "time": 1759174172.5912375}