{"duration": 1.4258339405059814, "input_args": {"slug": "'total-cost-to-hire-k-workers'"}, "time": 1759933824.0364156}