{"duration": 1.6981241703033447, "input_args": {"postId": "1197488"}, "time": 1759174485.7120302}