{"duration": 1.4083361625671387, "input_args": {"postId": "5662532"}, "time": 1759935914.7244086}