{"duration": 2.0334229469299316, "input_args": {"slug": "'jump-game'"}, "time": 1759168263.6891305}