{"duration": 3.8527796268463135, "input_args": {"slug": "'min-cost-climbing-stairs'"}, "time": 1759166095.257226}