{"duration": 1.3860752582550049, "input_args": {"postId": "5575202"}, "time": 1759935484.5577383}