{"duration": 1.4287669658660889, "input_args": {"postId": "7251672"}, "time": 1759934881.5685775}