{"duration": 1.3814191818237305, "input_args": {"postId": "125116"}, "time": 1759174659.4095387}