{"duration": 1.4449293613433838, "input_args": {"postId": "7522600"}, "time": 1759934865.3216128}