{"duration": 1.3945372104644775, "input_args": {"slug": "'isomorphic-strings'"}, "time": 1759933673.4630792}