{"duration": 1.3862440586090088, "input_args": {"postId": "105771"}, "time": 1759174518.932718}