{"duration": 1.4073631763458252, "input_args": {"slug": "'sum-root-to-leaf-numbers'"}, "time": 1759933745.477403}