{"duration": 1.390282392501831, "input_args": {"postId": "40404"}, "time": 1759935695.7476327}