{"duration": 1.4060866832733154, "input_args": {"slug": "'insert-interval'"}, "time": 1759933690.5716226}