{"duration": 1.385988473892212, "input_args": {"postId": "4735793"}, "time": 1759934957.5768185}