{"duration": 1.5202343463897705, "input_args": {"slug": "'merge-k-sorted-lists'"}, "time": 1759168399.2531865}