{"duration": 1.4221324920654297, "input_args": {"slug": "'group-anagrams'"}, "time": 1759168307.2215073}