{"duration": 1.5668227672576904, "input_args": {"slug": "'insert-delete-getrandom-o1'"}, "time": 1759168268.1878064}