{"duration": 1.693119764328003, "input_args": {"slug": "'summary-ranges'"}, "time": 1759168314.867979}