{"duration": 1.367591142654419, "input_args": {"postId": "4962029"}, "time": 1759174320.1391785}