{"duration": 1.549973964691162, "input_args": {"slug": "'insert-delete-getrandom-o1'"}, "time": 1759933617.247796}