{"duration": 1.3805859088897705, "input_args": {"slug": "'best-time-to-buy-and-sell-stock-ii'"}, "time": 1759168261.6526768}