{"duration": 2.019681692123413, "input_args": {"slug": "'triangle'"}, "time": 1759168439.2227886}