{"duration": 1.384498119354248, "input_args": {"postId": "100939"}, "time": 1759174413.797028}