{"duration": 1.3853435516357422, "input_args": {"postId": "1890991"}, "time": 1759935785.6440728}