{"duration": 1.4056382179260254, "input_args": {"slug": "'word-ladder'"}, "time": 1759933792.7199092}