{"duration": 1.3715434074401855, "input_args": {"postId": "663981"}, "time": 1759173994.3325698}