{"duration": 1.7784836292266846, "input_args": {"postId": "1190090"}, "time": 1759935269.3542511}