{"duration": 1.663200855255127, "input_args": {"postId": "1610658"}, "time": 1759173992.9605083}