{"duration": 1.4948971271514893, "input_args": {"postId": "337987"}, "time": 1759935721.0388865}