{"duration": 1.4162046909332275, "input_args": {"slug": "'roman-to-integer'"}, "time": 1759168273.8565474}