{"duration": 1.3871312141418457, "input_args": {"slug": "'maximum-sum-circular-subarray'"}, "time": 1759168402.0548897}