{"duration": 1.3847944736480713, "input_args": {"slug": "'sum-root-to-leaf-numbers'"}, "time": 1759168354.2752607}