{"duration": 1.3836243152618408, "input_args": {"postId": "2434932"}, "time": 1759173535.4564824}