{"duration": 1.407470941543579, "input_args": {"postId": "4977737"}, "time": 1759935478.6069093}