{"duration": 1.482205867767334, "input_args": {"postId": "2668037"}, "time": 1759174074.7973702}