{"duration": 1.392247200012207, "input_args": {"slug": "'rotate-array'"}, "time": 1759168258.7274258}