{"duration": 1.3904368877410889, "input_args": {"postId": "7293779"}, "time": 1759173789.9018116}