{"duration": 1.4467995166778564, "input_args": {"slug": "'merge-two-sorted-lists'"}, "time": 1759168329.6328151}