{"duration": 1.3764386177062988, "input_args": {"postId": "969838"}, "time": 1759173725.2400167}