{"duration": 1.409055471420288, "input_args": {"postId": "5922767"}, "time": 1759935752.4225783}