{"duration": 1.4956014156341553, "input_args": {"slug": "'maximum-average-subarray-i'"}, "time": 1759166013.4252124}