{"duration": 1.4023139476776123, "input_args": {"postId": "117333"}, "time": 1759173791.3050058}