{"duration": 3.9649336338043213, "input_args": {"postId": "605851"}, "time": 1759935613.2389305}