{"duration": 1.415191888809204, "input_args": {"postId": "6741765"}, "time": 1759173581.3110986}