{"duration": 1.452352523803711, "input_args": {"slug": "'search-insert-position'"}, "time": 1759168407.7701545}