{"duration": 1.4075326919555664, "input_args": {"slug": "'best-time-to-buy-and-sell-stock-iii'"}, "time": 1759933890.567242}