{"duration": 1.3866958618164062, "input_args": {"slug": "'maximal-square'"}, "time": 1759933893.3451247}