{"duration": 1.4189748764038086, "input_args": {"postId": "173567"}, "time": 1759935780.7063384}