{"duration": 1.4003233909606934, "input_args": {"postId": "6852065"}, "time": 1759935985.3240354}