{"duration": 1.3756160736083984, "input_args": {"postId": "867121"}, "time": 1759173600.3173435}