{"duration": 1.682811975479126, "input_args": {"slug": "'course-schedule-ii'"}, "time": 1759933779.642619}