{"duration": 1.3640403747558594, "input_args": {"postId": "152571"}, "time": 1759174590.699715}