{"duration": 1.539829969406128, "input_args": {"slug": "'best-time-to-buy-and-sell-stock'"}, "time": 1759168260.2685232}