{"duration": 1.3866488933563232, "input_args": {"slug": "'find-pivot-index'"}, "time": 1759933656.7835243}