{"duration": 2.44600248336792, "input_args": {"postId": "3104929"}, "time": 1759934974.023585}