{"duration": 1.5702424049377441, "input_args": {"slug": "'counting-bits'"}, "time": 1759166105.9142036}