{"duration": 1.7913994789123535, "input_args": {"postId": "149293"}, "time": 1759935094.7840579}