{"duration": 1.6384186744689941, "input_args": {"postId": "4991374"}, "time": 1759173528.3151298}