{"duration": 1.3696820735931396, "input_args": {"postId": "5265437"}, "time": 1759935214.8604496}