{"duration": 1.376089096069336, "input_args": {"postId": "4656498"}, "time": 1759935565.9542463}