{"duration": 1.382495641708374, "input_args": {"slug": "'reverse-linked-list-ii'"}, "time": 1759168332.5340402}