{"duration": 1.4014813899993896, "input_args": {"postId": "7915582"}, "time": 1759173986.6685479}