{"duration": 1.568302869796753, "input_args": {"slug": "'unique-paths-ii'"}, "time": 1759933886.282043}