{"duration": 1.3994214534759521, "input_args": {"postId": "5673574"}, "time": 1759174496.4492624}