{"duration": 1.7354295253753662, "input_args": {"slug": "'search-insert-position'"}, "time": 1759933835.6441705}