{"duration": 1.7366764545440674, "input_args": {"postId": "2001504"}, "time": 1759935567.6913676}