{"duration": 1.45330810546875, "input_args": {"postId": "6140276"}, "time": 1759935845.042106}