{"duration": 1.4694628715515137, "input_args": {"slug": "'guess-number-higher-or-lower'"}, "time": 1759166082.3801453}