{"duration": 1.937133550643921, "input_args": {"slug": "'minimum-genetic-mutation'"}, "time": 1759168380.4320748}