{"duration": 1.390639066696167, "input_args": {"postId": "5679661"}, "time": 1759935025.9659264}