{"duration": 1.3726305961608887, "input_args": {"postId": "115219"}, "time": 1759173817.9405205}