{"duration": 1.3815464973449707, "input_args": {"postId": "98087"}, "time": 1759935243.9479642}