{"duration": 1.3892323970794678, "input_args": {"slug": "'palindrome-number'"}, "time": 1759168423.8491764}