{"duration": 1.3873991966247559, "input_args": {"postId": "105771"}, "time": 1759935909.967103}