{"duration": 1.3891777992248535, "input_args": {"postId": "3075645"}, "time": 1759174179.926065}