{"duration": 1.757589340209961, "input_args": {"postId": "3352298"}, "time": 1759174540.4125218}