{"duration": 1.4661064147949219, "input_args": {"slug": "'binary-tree-right-side-view'"}, "time": 1759166060.6555774}