{"duration": 1.3942298889160156, "input_args": {"postId": "6039394"}, "time": 1759174596.704017}