{"duration": 2.5788159370422363, "input_args": {"slug": "'increasing-triplet-subsequence'"}, "time": 1759933599.3124986}