{"duration": 1.4456045627593994, "input_args": {"postId": "3838789"}, "time": 1759935123.245208}