{"duration": 1.6042256355285645, "input_args": {"postId": "1901554"}, "time": 1759174443.624165}