{"duration": 1.3826861381530762, "input_args": {"postId": "5159121"}, "time": 1759934772.9478097}