{"duration": 2.0726935863494873, "input_args": {"slug": "'surrounded-regions'"}, "time": 1759168370.9800334}