{"duration": 1.7059717178344727, "input_args": {"postId": "5887489"}, "time": 1759935829.345193}