{"duration": 1.422353982925415, "input_args": {"slug": "'path-sum'"}, "time": 1759933744.063303}