{"duration": 1.4879240989685059, "input_args": {"slug": "'spiral-matrix'"}, "time": 1759168292.1922936}