{"duration": 1.3840746879577637, "input_args": {"postId": "1197488"}, "time": 1759935877.4806056}