{"duration": 1.3817102909088135, "input_args": {"postId": "5179147"}, "time": 1759935579.0268934}