{"duration": 1.538482427597046, "input_args": {"postId": "5328618"}, "time": 1759174366.6810036}