{"duration": 1.373438835144043, "input_args": {"postId": "22189"}, "time": 1759174343.7681856}