{"duration": 1.4013173580169678, "input_args": {"postId": "5636337"}, "time": 1759935779.2867603}