{"duration": 1.3970155715942383, "input_args": {"slug": "'delete-node-in-a-bst'"}, "time": 1759933766.9114442}