{"duration": 1.5828909873962402, "input_args": {"postId": "2648054"}, "time": 1759174094.6235826}