{"duration": 1.3996224403381348, "input_args": {"slug": "'number-of-recent-calls'"}, "time": 1759166041.7409797}