{"duration": 1.3929052352905273, "input_args": {"slug": "'valid-sudoku'"}, "time": 1759933658.1774967}