{"duration": 1.3734657764434814, "input_args": {"postId": "60304"}, "time": 1759173974.6210654}