{"duration": 1.5785536766052246, "input_args": {"slug": "'sort-list'"}, "time": 1759933812.6777804}