{"duration": 1.3984746932983398, "input_args": {"postId": "6823641"}, "time": 1759935944.2744734}