{"duration": 1.376462697982788, "input_args": {"postId": "125548"}, "time": 1759174076.1743178}