{"duration": 1.4041662216186523, "input_args": {"postId": "7028711"}, "time": 1759174501.2806764}