{"duration": 1.3685362339019775, "input_args": {"postId": "81366"}, "time": 1759935541.3493829}