{"duration": 2.116171360015869, "input_args": {"postId": "39216"}, "time": 1759174532.526667}