{"duration": 1.5076618194580078, "input_args": {"slug": "'h-index'"}, "time": 1759168266.617954}