{"duration": 1.4050705432891846, "input_args": {"postId": "1338542"}, "time": 1759173675.3202848}