{"duration": 1.4119911193847656, "input_args": {"slug": "'single-number-ii'"}, "time": 1759168420.9263537}