{"duration": 1.4058873653411865, "input_args": {"slug": "'smallest-number-in-infinite-set'"}, "time": 1759933821.2194345}