{"duration": 1.460758924484253, "input_args": {"slug": "'remove-element'"}, "time": 1759933602.1663446}