{"duration": 1.5443553924560547, "input_args": {"postId": "79161"}, "time": 1759935626.508203}