{"duration": 1.6897554397583008, "input_args": {"postId": "4735793"}, "time": 1759170886.9922059}