{"duration": 1.3715271949768066, "input_args": {"postId": "5575202"}, "time": 1759174115.8986104}