{"duration": 1.3804049491882324, "input_args": {"postId": "118429"}, "time": 1759174184.6295843}