{"duration": 1.3817167282104492, "input_args": {"slug": "'rotate-image'"}, "time": 1759933662.1921883}