{"duration": 2.15214467048645, "input_args": {"slug": "'removing-stars-from-a-string'"}, "time": 1759166036.2696605}