{"duration": 1.4300999641418457, "input_args": {"slug": "'minimum-size-subarray-sum'"}, "time": 1759168283.8384624}