{"duration": 1.4756298065185547, "input_args": {"slug": "'reverse-vowels-of-a-string'"}, "time": 1759166000.5338047}