{"duration": 1.3695409297943115, "input_args": {"postId": "4910860"}, "time": 1759173499.1125004}