{"duration": 1.405705213546753, "input_args": {"postId": "42412"}, "time": 1759935204.132252}