{"duration": 1.3850677013397217, "input_args": {"slug": "'median-of-two-sorted-arrays'"}, "time": 1759933842.6347723}