{"duration": 1.670630693435669, "input_args": {"postId": "111917"}, "time": 1759935876.0960908}