{"duration": 1.3708536624908447, "input_args": {"postId": "1127345"}, "time": 1759935432.1124713}