{"duration": 1.3920106887817383, "input_args": {"postId": "5655859"}, "time": 1759934978.8090534}