{"duration": 1.6329891681671143, "input_args": {"slug": "'longest-consecutive-sequence'"}, "time": 1759933683.5922942}