{"duration": 1.5004098415374756, "input_args": {"postId": "1539223"}, "time": 1759174282.0058317}