{"duration": 1.6239144802093506, "input_args": {"slug": "'remove-duplicates-from-sorted-array-ii'"}, "time": 1759168255.938398}