{"duration": 1.4105510711669922, "input_args": {"slug": "'decode-string'"}, "time": 1759933694.8526797}