{"duration": 1.429138422012329, "input_args": {"postId": "4137029"}, "time": 1759935702.1231804}