{"duration": 1.3786096572875977, "input_args": {"slug": "'generate-parentheses'"}, "time": 1759933808.2318282}