{"duration": 1.4257967472076416, "input_args": {"postId": "3075645"}, "time": 1759935548.7698746}