{"duration": 1.9626922607421875, "input_args": {"postId": "5485493"}, "time": 1759170894.0332165}