{"duration": 1.3792133331298828, "input_args": {"postId": "149706"}, "time": 1759173797.3418956}