{"duration": 1.9356584548950195, "input_args": {"postId": "162813"}, "time": 1759934802.5319655}