{"duration": 1.4619107246398926, "input_args": {"postId": "3707514"}, "time": 1759173611.6016843}