{"duration": 1.3773753643035889, "input_args": {"postId": "119911"}, "time": 1759174190.6261532}