{"duration": 1.4113843441009521, "input_args": {"slug": "'zigzag-conversion'"}, "time": 1759168279.4579966}