{"duration": 1.3828210830688477, "input_args": {"slug": "'non-overlapping-intervals'"}, "time": 1759933684.9771166}