{"duration": 1.3987157344818115, "input_args": {"postId": "51386"}, "time": 1759174432.2870073}