{"duration": 1.4026885032653809, "input_args": {"postId": "105731"}, "time": 1759935908.579179}