{"duration": 1.3951377868652344, "input_args": {"slug": "'combination-sum'"}, "time": 1759168389.0058196}