{"duration": 1.8225996494293213, "input_args": {"slug": "'nearest-exit-from-entrance-in-maze'"}, "time": 1759166073.0143476}