{"duration": 1.4571731090545654, "input_args": {"postId": "5686013"}, "time": 1759935032.5905614}