{"duration": 1.7988803386688232, "input_args": {"slug": "'max-points-on-a-line'"}, "time": 1759933864.2638288}