{"duration": 1.3800139427185059, "input_args": {"postId": "1901554"}, "time": 1759935835.4743419}