{"duration": 1.371467113494873, "input_args": {"postId": "79177"}, "time": 1759174245.9027898}