{"duration": 1.4012274742126465, "input_args": {"postId": "132027"}, "time": 1759935473.9149384}