{"duration": 1.3728125095367432, "input_args": {"postId": "4954131"}, "time": 1759173586.1311336}