{"duration": 1.448427438735962, "input_args": {"postId": "67411"}, "time": 1759174029.9363205}