{"duration": 1.3982532024383545, "input_args": {"slug": "'remove-duplicates-from-sorted-array-ii'"}, "time": 1759933605.1019077}