{"duration": 1.4002759456634521, "input_args": {"postId": "4910960"}, "time": 1759934760.6272604}