{"duration": 1.5271937847137451, "input_args": {"postId": "5887489"}, "time": 1759174437.1796935}