{"duration": 1.3881824016571045, "input_args": {"postId": "7717971"}, "time": 1759935067.2453074}