{"duration": 1.4015982151031494, "input_args": {"postId": "4383636"}, "time": 1759935170.8199935}