{"duration": 1.492581844329834, "input_args": {"slug": "'two-sum-ii-input-array-is-sorted'"}, "time": 1759933640.946024}