{"duration": 1.366506576538086, "input_args": {"postId": "4968823"}, "time": 1759935394.233288}