{"duration": 1.3618197441101074, "input_args": {"postId": "114123"}, "time": 1759174167.7819664}