{"duration": 1.3810434341430664, "input_args": {"postId": "5621786"}, "time": 1759173557.904874}