{"duration": 1.4467408657073975, "input_args": {"postId": "4993910"}, "time": 1759174442.019405}