{"duration": 1.4523770809173584, "input_args": {"slug": "'candy'"}, "time": 1759168271.0498207}