{"duration": 1.390946865081787, "input_args": {"slug": "'majority-element'"}, "time": 1759168257.3323958}