{"duration": 1.3992066383361816, "input_args": {"postId": "132027"}, "time": 1759174104.1011486}