{"duration": 1.4674873352050781, "input_args": {"slug": "'product-of-array-except-self'"}, "time": 1759166003.4044302}