{"duration": 1.5559298992156982, "input_args": {"postId": "5614420"}, "time": 1759170881.5021727}