{"duration": 1.3849101066589355, "input_args": {"slug": "'search-in-a-binary-search-tree'"}, "time": 1759933765.5132833}