{"duration": 1.3940784931182861, "input_args": {"postId": "4971121"}, "time": 1759935364.7366648}