{"duration": 1.3981409072875977, "input_args": {"postId": "60308"}, "time": 1759935335.4462464}