{"duration": 1.3738787174224854, "input_args": {"postId": "516491"}, "time": 1759174269.1690269}