{"duration": 1.3704242706298828, "input_args": {"postId": "151130"}, "time": 1759174394.8588295}