{"duration": 1.4518067836761475, "input_args": {"postId": "100939"}, "time": 1759935805.3572052}