{"duration": 1.3723952770233154, "input_args": {"slug": "'best-time-to-buy-and-sell-stock-ii'"}, "time": 1759933611.2348826}