{"duration": 1.6237187385559082, "input_args": {"postId": "120635"}, "time": 1759174270.7932725}