{"duration": 1.488574743270874, "input_args": {"postId": "51386"}, "time": 1759935824.3320634}