{"duration": 1.410827875137329, "input_args": {"postId": "6051046"}, "time": 1759173969.3362868}