{"duration": 1.4316303730010986, "input_args": {"slug": "'online-stock-span'"}, "time": 1759933705.5559423}