{"duration": 1.3866369724273682, "input_args": {"postId": "1431309"}, "time": 1759935661.4953806}