{"duration": 1.6991219520568848, "input_args": {"slug": "'factorial-trailing-zeroes'"}, "time": 1759168426.9515731}