{"duration": 1.4050204753875732, "input_args": {"slug": "'gas-station'"}, "time": 1759168269.5938594}