{"duration": 1.3968868255615234, "input_args": {"slug": "'sqrtx'"}, "time": 1759168428.3673713}