{"duration": 1.3737635612487793, "input_args": {"postId": "43095"}, "time": 1759173859.2507515}