{"duration": 1.3793907165527344, "input_args": {"postId": "5304395"}, "time": 1759174099.3740966}