{"duration": 1.406118392944336, "input_args": {"postId": "4867396"}, "time": 1759935609.2734807}