{"duration": 1.9699630737304688, "input_args": {"slug": "'online-stock-span'"}, "time": 1759166120.7508466}