{"duration": 2.076826572418213, "input_args": {"postId": "103138"}, "time": 1759171098.9095223}