{"duration": 1.384554147720337, "input_args": {"postId": "7505969"}, "time": 1759174584.6079018}