{"duration": 1.3882246017456055, "input_args": {"postId": "1541761"}, "time": 1759174289.5327637}