{"duration": 1.3832814693450928, "input_args": {"slug": "'valid-parentheses'"}, "time": 1759933696.2400002}