{"duration": 1.4910619258880615, "input_args": {"postId": "7293779"}, "time": 1759935134.672234}