{"duration": 1.4040474891662598, "input_args": {"slug": "'integer-to-roman'"}, "time": 1759933624.5681505}