{"duration": 1.934307336807251, "input_args": {"postId": "68649"}, "time": 1759174328.0190113}