{"duration": 1.372295618057251, "input_args": {"postId": "5299640"}, "time": 1759934754.048118}