{"duration": 1.420130729675293, "input_args": {"postId": "1617294"}, "time": 1759935513.4628854}