{"duration": 1.4309649467468262, "input_args": {"slug": "'simplify-path'"}, "time": 1759168321.0613234}