{"duration": 2.2593462467193604, "input_args": {"postId": "115219"}, "time": 1759935166.0681007}