{"duration": 1.3782246112823486, "input_args": {"postId": "122641"}, "time": 1759174283.3845227}