{"duration": 1.3889439105987549, "input_args": {"slug": "'flatten-binary-tree-to-linked-list'"}, "time": 1759933742.6396337}