{"duration": 1.4025239944458008, "input_args": {"slug": "'rotting-oranges'"}, "time": 1759933788.2563198}