{"duration": 1.4191699028015137, "input_args": {"postId": "5637553"}, "time": 1759935149.2492976}