{"duration": 1.3710055351257324, "input_args": {"postId": "687276"}, "time": 1759174117.2700882}