{"duration": 1.512347936630249, "input_args": {"postId": "5593418"}, "time": 1759173720.570928}