{"duration": 1.400885820388794, "input_args": {"postId": "1965111"}, "time": 1759935492.0931568}