{"duration": 1.4449946880340576, "input_args": {"postId": "4971987"}, "time": 1759935176.9632854}