{"duration": 1.531040906906128, "input_args": {"postId": "5024847"}, "time": 1759174525.6519878}