{"duration": 1.3900437355041504, "input_args": {"slug": "'coin-change'"}, "time": 1759933874.1486397}