{"duration": 1.3907837867736816, "input_args": {"postId": "4741396"}, "time": 1759936038.9855914}