{"duration": 1.7503085136413574, "input_args": {"postId": "7484486"}, "time": 1759170900.5278535}