{"duration": 2.987405776977539, "input_args": {"postId": "1122345"}, "time": 1759174662.397483}