{"duration": 1.5282375812530518, "input_args": {"postId": "48759"}, "time": 1759170888.520861}