{"duration": 1.3764219284057617, "input_args": {"postId": "5364400"}, "time": 1759173762.2890742}