{"duration": 1.7955925464630127, "input_args": {"postId": "4761528"}, "time": 1759934898.2579346}