{"duration": 1.3916969299316406, "input_args": {"postId": "4029804"}, "time": 1759935062.4449365}