{"duration": 1.4011011123657227, "input_args": {"slug": "'construct-quad-tree'"}, "time": 1759168397.7300162}