{"duration": 1.3709022998809814, "input_args": {"slug": "'greatest-common-divisor-of-strings'"}, "time": 1759933589.756763}