{"duration": 1.3714964389801025, "input_args": {"postId": "149280"}, "time": 1759173757.637802}