{"duration": 1.4941637516021729, "input_args": {"postId": "6139428"}, "time": 1759173529.809761}