{"duration": 1.383589506149292, "input_args": {"postId": "4761528"}, "time": 1759173606.4782681}