{"duration": 1.4659404754638672, "input_args": {"slug": "'greatest-common-divisor-of-strings'"}, "time": 1759165995.532104}