{"duration": 1.4063541889190674, "input_args": {"slug": "'gas-station'"}, "time": 1759933618.656786}