{"duration": 1.4291958808898926, "input_args": {"slug": "'search-in-rotated-sorted-array'"}, "time": 1759168410.5957577}