{"duration": 1.4730026721954346, "input_args": {"postId": "93883"}, "time": 1759935927.2737846}