{"duration": 1.7250006198883057, "input_args": {"postId": "5589484"}, "time": 1759174506.4662666}