{"duration": 1.7294201850891113, "input_args": {"postId": "67411"}, "time": 1759935395.9631767}