{"duration": 1.409742832183838, "input_args": {"slug": "'maximum-level-sum-of-a-binary-tree'"}, "time": 1759166062.0668256}