{"duration": 1.3706178665161133, "input_args": {"postId": "7522600"}, "time": 1759173579.8954046}