{"duration": 1.3840558528900146, "input_args": {"postId": "5545248"}, "time": 1759173811.4966714}