{"duration": 1.415797472000122, "input_args": {"postId": "1471052"}, "time": 1759934859.3467917}