{"duration": 1.3684251308441162, "input_args": {"postId": "77885"}, "time": 1759934992.0386746}