{"duration": 14.49181079864502, "input_args": {"slug": "'merge-sorted-array'"}, "time": 1759165883.3586524}