{"duration": 1.5243580341339111, "input_args": {"postId": "5159126"}, "time": 1759934771.5647144}