{"duration": 1.825544834136963, "input_args": {"postId": "75217"}, "time": 1759936002.8630245}