{"duration": 1.6169919967651367, "input_args": {"postId": "5928716"}, "time": 1759935359.9283688}