{"duration": 1.3714046478271484, "input_args": {"postId": "114372"}, "time": 1759174166.4196367}