{"duration": 1.6167302131652832, "input_args": {"postId": "88287"}, "time": 1759935311.9883864}