{"duration": 1.379746437072754, "input_args": {"slug": "'find-minimum-in-rotated-sorted-array'"}, "time": 1759933841.2469923}