{"duration": 1.3913586139678955, "input_args": {"slug": "'total-cost-to-hire-k-workers'"}, "time": 1759166080.9097815}