{"duration": 1.4007279872894287, "input_args": {"postId": "42412"}, "time": 1759173853.3169575}