{"duration": 1.3794364929199219, "input_args": {"postId": "4986747"}, "time": 1759174471.333305}