{"duration": 1.3775618076324463, "input_args": {"slug": "'candy'"}, "time": 1759933620.036409}