{"duration": 1.4955246448516846, "input_args": {"slug": "'snakes-and-ladders'"}, "time": 1759168378.4919078}