{"duration": 1.3804750442504883, "input_args": {"postId": "4103403"}, "time": 1759174121.9737651}