{"duration": 1.4222967624664307, "input_args": {"slug": "'koko-eating-bananas'"}, "time": 1759166087.09674}