{"duration": 1.3865556716918945, "input_args": {"slug": "'ipo'"}, "time": 1759933825.424889}