{"duration": 1.4137060642242432, "input_args": {"slug": "'kth-smallest-element-in-a-bst'"}, "time": 1759933769.7578132}