{"duration": 1.3988468647003174, "input_args": {"slug": "'validate-binary-search-tree'"}, "time": 1759168367.490078}