{"duration": 1.3780913352966309, "input_args": {"postId": "5637391"}, "time": 1759173806.730945}