{"duration": 1.3904287815093994, "input_args": {"postId": "4954131"}, "time": 1759934871.4990368}