{"duration": 1.4095830917358398, "input_args": {"postId": "2751672"}, "time": 1759935512.0423248}