{"duration": 1.38421630859375, "input_args": {"postId": "88287"}, "time": 1759173953.9078708}