{"duration": 1.4232392311096191, "input_args": {"postId": "118429"}, "time": 1759935553.596761}