{"duration": 1.3738338947296143, "input_args": {"postId": "2334333"}, "time": 1759173857.8765347}