{"duration": 1.443795919418335, "input_args": {"slug": "'evaluate-reverse-polish-notation'"}, "time": 1759933700.7007964}