{"duration": 1.5042335987091064, "input_args": {"slug": "'binary-tree-level-order-traversal'"}, "time": 1759168361.4138486}