{"duration": 1.6103193759918213, "input_args": {"slug": "'kth-smallest-element-in-a-bst'"}, "time": 1759168366.0894666}