{"duration": 4.059128284454346, "input_args": {"postId": "95435"}, "time": 1759934787.0298414}