{"duration": 1.3719427585601807, "input_args": {"postId": "75217"}, "time": 1759174619.2951975}