{"duration": 1.4351413249969482, "input_args": {"postId": "5922767"}, "time": 1759174360.8780205}