{"duration": 1.3804931640625, "input_args": {"postId": "1263765"}, "time": 1759935462.5607915}