{"duration": 1.370102882385254, "input_args": {"postId": "6017322"}, "time": 1759174051.7142987}