{"duration": 1.3713030815124512, "input_args": {"postId": "36500"}, "time": 1759174295.9772444}