{"duration": 1.802276849746704, "input_args": {"slug": "'is-subsequence'"}, "time": 1759165902.7791016}