{"duration": 1.4805057048797607, "input_args": {"slug": "'course-schedule'"}, "time": 1759168374.6745148}