{"duration": 1.4091472625732422, "input_args": {"slug": "'single-number'"}, "time": 1759933852.0934317}