{"duration": 1.4090487957000732, "input_args": {"postId": "516491"}, "time": 1759935653.1039186}