{"duration": 1.404966115951538, "input_args": {"slug": "'single-number'"}, "time": 1759166107.320233}