{"duration": 1.4013125896453857, "input_args": {"postId": "4898888"}, "time": 1759935933.3888495}