{"duration": 1.387646198272705, "input_args": {"slug": "'string-compression'"}, "time": 1759933600.7030044}