{"duration": 1.402587652206421, "input_args": {"slug": "'unique-number-of-occurrences'"}, "time": 1759166026.9710224}