{"duration": 1.3972337245941162, "input_args": {"postId": "2777968"}, "time": 1759935290.6182396}