{"duration": 1.4388725757598877, "input_args": {"postId": "4968809"}, "time": 1759935496.6684964}