{"duration": 1.3662590980529785, "input_args": {"postId": "1979456"}, "time": 1759174300.6043985}