{"duration": 1.3877429962158203, "input_args": {"slug": "'reverse-linked-list'"}, "time": 1759166048.1437435}