{"duration": 1.388979434967041, "input_args": {"slug": "'maximum-average-subarray-i'"}, "time": 1759933643.7586043}