{"duration": 1.3874013423919678, "input_args": {"postId": "4097619"}, "time": 1759935457.6021225}