{"duration": 1.5446343421936035, "input_args": {"slug": "'leaf-similar-trees'"}, "time": 1759166052.5528617}