{"duration": 1.4831712245941162, "input_args": {"slug": "'triangle'"}, "time": 1759933882.802407}