{"duration": 1.9272332191467285, "input_args": {"slug": "'decode-string'"}, "time": 1759166040.3401566}