{"duration": 1.4645180702209473, "input_args": {"slug": "'asteroid-collision'"}, "time": 1759933693.4392886}