{"duration": 1.382714033126831, "input_args": {"postId": "79161"}, "time": 1759174244.5308151}