{"duration": 1.4844822883605957, "input_args": {"postId": "4440091"}, "time": 1759935620.9468296}