{"duration": 1.3967516422271729, "input_args": {"postId": "2042063"}, "time": 1759935672.6168723}