{"duration": 2.7740731239318848, "input_args": {"postId": "6096231"}, "time": 1759934907.1277618}