{"duration": 1.3734002113342285, "input_args": {"postId": "5179147"}, "time": 1759174208.9268498}