{"duration": 1.394559621810913, "input_args": {"postId": "5988726"}, "time": 1759174643.2433112}