{"duration": 1.4187774658203125, "input_args": {"postId": "6452692"}, "time": 1759934880.139335}