{"duration": 1.4414622783660889, "input_args": {"slug": "'h-index'"}, "time": 1759933615.6967196}