{"duration": 1.375854253768921, "input_args": {"postId": "5712504"}, "time": 1759173785.285563}