{"duration": 1.4004266262054443, "input_args": {"slug": "'longest-common-prefix'"}, "time": 1759168278.042888}