{"duration": 1.4976284503936768, "input_args": {"postId": "4759973"}, "time": 1759934896.4619014}