{"duration": 1.64858078956604, "input_args": {"slug": "'merge-strings-alternately'"}, "time": 1759165994.0649922}