{"duration": 1.382296085357666, "input_args": {"postId": "3127552"}, "time": 1759935323.7015758}