{"duration": 2.1704046726226807, "input_args": {"postId": "4971074"}, "time": 1759174578.5429828}