{"duration": 1.617469310760498, "input_args": {"postId": "2800027"}, "time": 1759174566.6215246}