{"duration": 1.5142366886138916, "input_args": {"slug": "'increasing-triplet-subsequence'"}, "time": 1759166004.9196491}