{"duration": 1.4001407623291016, "input_args": {"slug": "'word-search'"}, "time": 1759168393.2848291}