{"duration": 1.4442172050476074, "input_args": {"postId": "5586489"}, "time": 1759935037.457418}