{"duration": 1.4054946899414062, "input_args": {"slug": "'combinations'"}, "time": 1759933802.6968937}