{"duration": 1.4542832374572754, "input_args": {"postId": "1541761"}, "time": 1759935674.071591}