{"duration": 1.5510530471801758, "input_args": {"slug": "'set-matrix-zeroes'"}, "time": 1759933663.745839}