{"duration": 1.4122180938720703, "input_args": {"slug": "'longest-common-subsequence'"}, "time": 1759166101.3475723}