{"duration": 1.9301724433898926, "input_args": {"postId": "120263"}, "time": 1759935646.8344707}