{"duration": 1.5407893657684326, "input_args": {"postId": "3157514"}, "time": 1759935237.4590645}