{"duration": 1.3947410583496094, "input_args": {"slug": "'find-the-index-of-the-first-occurrence-in-a-string'"}, "time": 1759933630.1403387}