{"duration": 5.930606126785278, "input_args": {"slug": "'text-justification'"}, "time": 1759165896.6289632}