{"duration": 1.3757641315460205, "input_args": {"postId": "66195"}, "time": 1759935501.2674773}