{"duration": 1.3874726295471191, "input_args": {"slug": "'maximum-subsequence-score'"}, "time": 1759933822.609639}