{"duration": 1.3840289115905762, "input_args": {"postId": "60308"}, "time": 1759173976.005596}