{"duration": 1.3817925453186035, "input_args": {"postId": "7353150"}, "time": 1759173645.268981}