{"duration": 1.3736321926116943, "input_args": {"slug": "'majority-element'"}, "time": 1759933606.4781196}