{"duration": 1.3988678455352783, "input_args": {"postId": "5294899"}, "time": 1759173505.6042056}