{"duration": 1.3825232982635498, "input_args": {"postId": "6267892"}, "time": 1759935869.4406252}