{"duration": 1.4616587162017822, "input_args": {"slug": "'kth-largest-element-in-an-array'"}, "time": 1759166076.7341685}