{"duration": 1.369403600692749, "input_args": {"postId": "7484437"}, "time": 1759934996.7088482}