{"duration": 1.397392749786377, "input_args": {"slug": "'longest-subarray-of-1s-after-deleting-one-element'"}, "time": 1759933647.9949188}