{"duration": 1.385025978088379, "input_args": {"slug": "'word-pattern'"}, "time": 1759933674.8509953}