{"duration": 1.6649208068847656, "input_args": {"slug": "'find-the-highest-altitude'"}, "time": 1759166019.6591897}