{"duration": 1.3835680484771729, "input_args": {"postId": "1979456"}, "time": 1759935687.7928836}