{"duration": 1.3690807819366455, "input_args": {"postId": "1190090"}, "time": 1759173914.047033}