{"duration": 1.3834059238433838, "input_args": {"slug": "'odd-even-linked-list'"}, "time": 1759166046.7530806}