{"duration": 1.3896939754486084, "input_args": {"postId": "2933780"}, "time": 1759174419.837976}