{"duration": 1.7727093696594238, "input_args": {"slug": "'remove-duplicates-from-sorted-array'"}, "time": 1759168254.311306}