{"duration": 1.4019989967346191, "input_args": {"slug": "'set-matrix-zeroes'"}, "time": 1759168295.4439144}