{"duration": 1.3945448398590088, "input_args": {"slug": "'partition-list'"}, "time": 1759168338.5116847}