{"duration": 1.6147053241729736, "input_args": {"postId": "5068156"}, "time": 1759173541.7103703}