{"duration": 1.507171630859375, "input_args": {"slug": "'two-sum'"}, "time": 1759933679.1328642}