{"duration": 1.4002971649169922, "input_args": {"slug": "'palindrome-number'"}, "time": 1759933856.7549083}