{"duration": 1.382110595703125, "input_args": {"postId": "4602601"}, "time": 1759174082.1906283}