{"duration": 1.4083123207092285, "input_args": {"postId": "7170633"}, "time": 1759173568.946598}