{"duration": 1.4266963005065918, "input_args": {"postId": "68668"}, "time": 1759174326.0841966}