{"duration": 1.4017276763916016, "input_args": {"postId": "4759973"}, "time": 1759173605.0941505}