{"duration": 1.3665175437927246, "input_args": {"postId": "5124417"}, "time": 1759174313.8873484}