{"duration": 1.3817839622497559, "input_args": {"postId": "173567"}, "time": 1759174388.4711347}