{"duration": 1.3980910778045654, "input_args": {"slug": "'ipo'"}, "time": 1759168403.456025}