{"duration": 1.4996013641357422, "input_args": {"slug": "'course-schedule'"}, "time": 1759933777.9578216}