{"duration": 1.6356439590454102, "input_args": {"postId": "4439849"}, "time": 1759174238.0770829}