{"duration": 1.3847663402557373, "input_args": {"postId": "5056419"}, "time": 1759935163.808289}