{"duration": 1.3697779178619385, "input_args": {"postId": "5007439"}, "time": 1759174019.1895998}