{"duration": 1.3775386810302734, "input_args": {"postId": "103138"}, "time": 1759934998.0868165}