{"duration": 1.4478213787078857, "input_args": {"slug": "'search-suggestions-system'"}, "time": 1759933795.565344}