{"duration": 1.3724911212921143, "input_args": {"slug": "'game-of-life'"}, "time": 1759933665.1193936}