{"duration": 2.628117084503174, "input_args": {"slug": "'spiral-matrix'"}, "time": 1759933660.8085208}