{"duration": 1.5301098823547363, "input_args": {"postId": "5068156"}, "time": 1759934807.6418483}