{"duration": 1.3835299015045166, "input_args": {"postId": "8059363"}, "time": 1759173521.649194}