{"duration": 1.3745231628417969, "input_args": {"postId": "5102857"}, "time": 1759173640.4647865}