{"duration": 1.4904606342315674, "input_args": {"postId": "4745743"}, "time": 1759935189.4551792}