{"duration": 1.4967994689941406, "input_args": {"postId": "32785"}, "time": 1759935689.2901795}