{"duration": 1.4560375213623047, "input_args": {"slug": "'find-k-pairs-with-smallest-sums'"}, "time": 1759168404.9149804}