{"duration": 1.3663558959960938, "input_args": {"postId": "5637391"}, "time": 1759935154.0799317}