{"duration": 1.4069900512695312, "input_args": {"slug": "'reverse-words-in-a-string'"}, "time": 1759933595.3373601}