{"duration": 2.860968589782715, "input_args": {"postId": "79177"}, "time": 1759935629.3696523}