{"duration": 1.4825847148895264, "input_args": {"slug": "'path-sum'"}, "time": 1759168352.887176}