{"duration": 1.4019176959991455, "input_args": {"postId": "5442789"}, "time": 1759935020.3205585}