{"duration": 1.3992383480072021, "input_args": {"slug": "'reverse-words-in-a-string'"}, "time": 1759166001.9358468}