{"duration": 1.414008617401123, "input_args": {"postId": "5398263"}, "time": 1759934845.6146145}