{"duration": 1.3787212371826172, "input_args": {"postId": "81384"}, "time": 1759935542.7285354}