{"duration": 1.4010567665100098, "input_args": {"postId": "4529478"}, "time": 1759935591.238514}