{"duration": 1.5345680713653564, "input_args": {"slug": "'roman-to-integer'"}, "time": 1759933623.1612606}