{"duration": 2.383045196533203, "input_args": {"slug": "'ransom-note'"}, "time": 1759168299.2646177}