{"duration": 1.379213571548462, "input_args": {"postId": "896067"}, "time": 1759935226.123927}