{"duration": 1.417738676071167, "input_args": {"postId": "3157514"}, "time": 1759173885.9588625}