{"duration": 1.3861329555511475, "input_args": {"postId": "5593418"}, "time": 1759935056.270743}