{"duration": 1.3755989074707031, "input_args": {"postId": "2975648"}, "time": 1759173564.1570828}