{"duration": 1.4124391078948975, "input_args": {"postId": "5432258"}, "time": 1759935304.1017609}