{"duration": 1.394033670425415, "input_args": {"slug": "'binary-search-tree-iterator'"}, "time": 1759168357.066448}