{"duration": 2.2028932571411133, "input_args": {"postId": "1057717"}, "time": 1759934966.8858814}