{"duration": 1.3741800785064697, "input_args": {"postId": "4029804"}, "time": 1759173726.614665}