{"duration": 1.379537582397461, "input_args": {"postId": "5099460"}, "time": 1759174418.4471555}