{"duration": 1.649376630783081, "input_args": {"postId": "3616569"}, "time": 1759174256.5573893}