{"duration": 1.3695592880249023, "input_args": {"postId": "2906903"}, "time": 1759935190.8251817}