{"duration": 1.39143967628479, "input_args": {"postId": "5631074"}, "time": 1759174377.4623256}