{"duration": 1.8556196689605713, "input_args": {"postId": "50657"}, "time": 1759174613.3338666}