{"duration": 1.3985648155212402, "input_args": {"postId": "5056419"}, "time": 1759173816.5661736}