{"duration": 1.383579969406128, "input_args": {"postId": "6452692"}, "time": 1759173592.3919191}