{"duration": 1.3961033821105957, "input_args": {"slug": "'evaluate-reverse-polish-notation'"}, "time": 1759168323.9731007}