{"duration": 1.3660364151000977, "input_args": {"postId": "910338"}, "time": 1759174465.2349684}