{"duration": 1.452261209487915, "input_args": {"postId": "6039394"}, "time": 1759935979.8004827}