{"duration": 1.3905620574951172, "input_args": {"slug": "'group-anagrams'"}, "time": 1759933677.622872}