{"duration": 1.4198529720306396, "input_args": {"slug": "'longest-common-subsequence'"}, "time": 1759933878.547855}