{"duration": 1.5403790473937988, "input_args": {"slug": "'jump-game'"}, "time": 1759933612.7779086}