{"duration": 1.4089288711547852, "input_args": {"postId": "5665497"}, "time": 1759174571.4327776}