{"duration": 5.192846298217773, "input_args": {"slug": "'determine-if-two-strings-are-close'"}, "time": 1759166032.166725}