{"duration": 1.377742052078247, "input_args": {"postId": "30919"}, "time": 1759935068.62354}