{"duration": 1.4331858158111572, "input_args": {"slug": "'min-stack'"}, "time": 1759933699.2540789}