{"duration": 1.3724098205566406, "input_args": {"postId": "3127552"}, "time": 1759173964.4716086}