{"duration": 1.3805370330810547, "input_args": {"postId": "2906903"}, "time": 1759173841.188141}