{"duration": 1.5152778625488281, "input_args": {"postId": "1217683"}, "time": 1759174460.6296115}