{"duration": 1.4350364208221436, "input_args": {"postId": "5030351"}, "time": 1759934926.001313}