{"duration": 1.391615390777588, "input_args": {"postId": "45843"}, "time": 1759936016.4825609}