{"duration": 1.4717378616333008, "input_args": {"slug": "'jump-game-ii'"}, "time": 1759933614.252467}