{"duration": 1.4024028778076172, "input_args": {"postId": "118506"}, "time": 1759935554.9996097}