{"duration": 1.371103286743164, "input_args": {"postId": "4971121"}, "time": 1759174003.6953351}