{"duration": 1.4264819622039795, "input_args": {"postId": "23612"}, "time": 1759173981.9925985}