{"duration": 1.3688483238220215, "input_args": {"postId": "1594030"}, "time": 1759174202.97195}