{"duration": 1.370255470275879, "input_args": {"postId": "152595"}, "time": 1759174589.3350418}