{"duration": 1.3743464946746826, "input_args": {"postId": "4854306"}, "time": 1759174371.4534707}