{"duration": 1.3735215663909912, "input_args": {"postId": "4910960"}, "time": 1759173500.4865134}