{"duration": 1.3736028671264648, "input_args": {"postId": "5446010"}, "time": 1759174213.5328312}