{"duration": 1.4270145893096924, "input_args": {"slug": "'minimum-absolute-difference-in-bst'"}, "time": 1759933768.3412828}