{"duration": 1.551295280456543, "input_args": {"postId": "5024847"}, "time": 1759935916.2761471}