{"duration": 1.4086101055145264, "input_args": {"postId": "6328017"}, "time": 1759936022.7176676}