{"duration": 1.3884079456329346, "input_args": {"slug": "'maximum-twin-sum-of-a-linked-list'"}, "time": 1759933717.0676532}