{"duration": 1.3864312171936035, "input_args": {"postId": "120635"}, "time": 1759935654.490787}