{"duration": 1.4134433269500732, "input_args": {"slug": "'n-queens-ii'"}, "time": 1759168390.422079}