{"duration": 1.4447977542877197, "input_args": {"slug": "'kids-with-the-greatest-number-of-candies'"}, "time": 1759165996.979838}