{"duration": 1.4034595489501953, "input_args": {"postId": "4816554"}, "time": 1759174511.1803436}