{"duration": 1.397263526916504, "input_args": {"slug": "'climbing-stairs'"}, "time": 1759933871.3645782}