{"duration": 1.8365614414215088, "input_args": {"slug": "'valid-sudoku'"}, "time": 1759168290.7014768}