{"duration": 1.408649206161499, "input_args": {"slug": "'single-number-ii'"}, "time": 1759933853.5050507}