{"duration": 1.3949480056762695, "input_args": {"postId": "2777968"}, "time": 1759173933.38806}