{"duration": 1.4608933925628662, "input_args": {"postId": "5856626"}, "time": 1759935660.1082947}