{"duration": 2.3155393600463867, "input_args": {"slug": "'course-schedule-ii'"}, "time": 1759168376.9930687}