{"duration": 1.7851307392120361, "input_args": {"postId": "119447"}, "time": 1759935031.1329188}