{"duration": 1.4135122299194336, "input_args": {"slug": "'median-of-two-sorted-arrays'"}, "time": 1759168414.8358886}