{"duration": 1.376462459564209, "input_args": {"slug": "'populating-next-right-pointers-in-each-node-ii'"}, "time": 1759168349.6689618}