{"duration": 1.6374084949493408, "input_args": {"postId": "3425438"}, "time": 1759174039.3947208}