{"duration": 1.3799073696136475, "input_args": {"slug": "'is-subsequence'"}, "time": 1759933634.587647}