{"duration": 1.382821798324585, "input_args": {"postId": "4997262"}, "time": 1759935370.5191581}