{"duration": 1.3854997158050537, "input_args": {"postId": "1539223"}, "time": 1759935666.6626368}