{"duration": 1.4544172286987305, "input_args": {"postId": "152595"}, "time": 1759935972.1076488}