{"duration": 1.5117518901824951, "input_args": {"slug": "'min-stack'"}, "time": 1759168322.5759292}