{"duration": 1.9459543228149414, "input_args": {"slug": "'equal-row-and-column-pairs'"}, "time": 1759166034.1155274}