{"duration": 1.3765366077423096, "input_args": {"postId": "127963"}, "time": 1759173847.16886}