{"duration": 1.4060518741607666, "input_args": {"postId": "1217683"}, "time": 1759935851.1148052}