{"duration": 1.3862528800964355, "input_args": {"slug": "'climbing-stairs'"}, "time": 1759168433.0197887}