{"duration": 1.4537651538848877, "input_args": {"postId": "5545248"}, "time": 1759935158.9957294}