{"duration": 1.8456337451934814, "input_args": {"slug": "'bitwise-and-of-numbers-range'"}, "time": 1759933855.35172}