{"duration": 1.3668851852416992, "input_args": {"postId": "4383636"}, "time": 1759173822.515205}