{"duration": 1.4483067989349365, "input_args": {"slug": "'unique-paths-ii'"}, "time": 1759168442.1650012}