{"duration": 1.3859059810638428, "input_args": {"postId": "1431309"}, "time": 1759174276.7631614}