{"duration": 1.4126675128936768, "input_args": {"postId": "4986747"}, "time": 1759935862.171872}