{"duration": 1.3873558044433594, "input_args": {"postId": "5308067"}, "time": 1759170876.4900753}