{"duration": 1.3753612041473389, "input_args": {"postId": "2202996"}, "time": 1759174257.9332616}