{"duration": 1.3912949562072754, "input_args": {"slug": "'binary-tree-maximum-path-sum'"}, "time": 1759168355.6694686}