{"duration": 1.8846182823181152, "input_args": {"slug": "'domino-and-tromino-tiling'"}, "time": 1759166098.5495586}