{"duration": 1.6915326118469238, "input_args": {"postId": "8117268"}, "time": 1759935903.93745}