{"duration": 1.361131191253662, "input_args": {"postId": "163987"}, "time": 1759174459.1138196}