{"duration": 1.4377875328063965, "input_args": {"postId": "5048597"}, "time": 1759935997.8183649}