{"duration": 1.4721503257751465, "input_args": {"slug": "'reverse-linked-list'"}, "time": 1759933715.6780539}