{"duration": 1.699594497680664, "input_args": {"postId": "4968803"}, "time": 1759174161.8132708}