{"duration": 1.794736623764038, "input_args": {"postId": "1813462"}, "time": 1759174402.8222065}