{"duration": 1.3933417797088623, "input_args": {"slug": "'number-of-1-bits'"}, "time": 1759933850.681694}