{"duration": 1.4344327449798584, "input_args": {"slug": "'substring-with-concatenation-of-all-words'"}, "time": 1759168286.824009}