{"duration": 1.369908332824707, "input_args": {"postId": "5034569"}, "time": 1759174382.5293822}