{"duration": 1.629075050354004, "input_args": {"postId": "5765131"}, "time": 1759935184.5529304}