{"duration": 1.3781108856201172, "input_args": {"postId": "5431732"}, "time": 1759173679.9236984}