{"duration": 1.3941247463226318, "input_args": {"slug": "'letter-combinations-of-a-phone-number'"}, "time": 1759166088.493486}