{"duration": 1.3887255191802979, "input_args": {"postId": "586454"}, "time": 1759935574.0880017}