{"duration": 1.4055354595184326, "input_args": {"slug": "'count-good-nodes-in-binary-tree'"}, "time": 1759166053.9593134}