{"duration": 1.372532844543457, "input_args": {"postId": "687276"}, "time": 1759935485.9307094}