{"duration": 1.3736984729766846, "input_args": {"postId": "5221989"}, "time": 1759174407.7230017}