{"duration": 1.3747103214263916, "input_args": {"postId": "5928716"}, "time": 1759173999.0874822}