{"duration": 1.4141156673431396, "input_args": {"postId": "5294899"}, "time": 1759934766.7851439}