{"duration": 1.4051809310913086, "input_args": {"postId": "41309"}, "time": 1759935075.2123487}