{"duration": 1.3883559703826904, "input_args": {"postId": "1600133"}, "time": 1759935518.2299812}