{"duration": 1.7462348937988281, "input_args": {"postId": "6139428"}, "time": 1759934794.264447}