{"duration": 1.373354434967041, "input_args": {"postId": "1127889"}, "time": 1759935433.4862714}