{"duration": 1.4595990180969238, "input_args": {"postId": "3352298"}, "time": 1759935928.7339513}