{"duration": 1.4010095596313477, "input_args": {"slug": "'successful-pairs-of-spells-and-potions'"}, "time": 1759933831.1136105}