{"duration": 1.40034818649292, "input_args": {"postId": "5124417"}, "time": 1759935700.6936145}