{"duration": 1.3863320350646973, "input_args": {"postId": "2351567"}, "time": 1759174530.4098144}