{"duration": 1.4219977855682373, "input_args": {"postId": "6017322"}, "time": 1759935419.8521972}