{"duration": 1.6687746047973633, "input_args": {"postId": "20410"}, "time": 1759935322.3188267}