{"duration": 1.8004066944122314, "input_args": {"postId": "7823239"}, "time": 1759934952.5479438}