{"duration": 1.4933667182922363, "input_args": {"slug": "'word-search-ii'"}, "time": 1759168384.7519698}