{"duration": 1.380342721939087, "input_args": {"slug": "'max-consecutive-ones-iii'"}, "time": 1759166016.2435405}