{"duration": 1.5386693477630615, "input_args": {"postId": "5609959"}, "time": 1759935991.6770282}