{"duration": 1.399519920349121, "input_args": {"slug": "'convert-sorted-array-to-binary-search-tree'"}, "time": 1759933811.096409}