{"duration": 1.4868276119232178, "input_args": {"slug": "'find-median-from-data-stream'"}, "time": 1759933828.3291981}