{"duration": 1.3912427425384521, "input_args": {"postId": "906280"}, "time": 1759174466.6268294}