{"duration": 1.641841173171997, "input_args": {"postId": "15828"}, "time": 1759935003.2050166}