{"duration": 1.7787914276123047, "input_args": {"slug": "'minimum-window-substring'"}, "time": 1759933654.002944}