{"duration": 1.4917933940887451, "input_args": {"slug": "'minimum-path-sum'"}, "time": 1759168440.7157245}