{"duration": 1.386967658996582, "input_args": {"postId": "43572"}, "time": 1759173634.3099442}