{"duration": 1.9087753295898438, "input_args": {"postId": "2895397"}, "time": 1759935864.0811744}