{"duration": 1.4502761363983154, "input_args": {"postId": "4697546"}, "time": 1759934924.565836}