{"duration": 1.3762192726135254, "input_args": {"postId": "4971062"}, "time": 1759935178.3401644}