{"duration": 1.6957504749298096, "input_args": {"postId": "5313906"}, "time": 1759935080.2646265}