{"duration": 1.4327893257141113, "input_args": {"postId": "105982"}, "time": 1759935438.2107964}