{"duration": 1.3880207538604736, "input_args": {"postId": "5432258"}, "time": 1759173946.2102623}