{"duration": 1.53312349319458, "input_args": {"slug": "'construct-quad-tree'"}, "time": 1759933814.211898}