{"duration": 1.681300163269043, "input_args": {"slug": "'move-zeroes'"}, "time": 1759933633.2069292}