{"duration": 1.3693318367004395, "input_args": {"slug": "'coin-change'"}, "time": 1759168435.8157597}