{"duration": 2.2094593048095703, "input_args": {"slug": "'clone-graph'"}, "time": 1759168373.1907625}