{"duration": 1.7454965114593506, "input_args": {"slug": "'insert-interval'"}, "time": 1759168318.004576}