{"duration": 1.38018798828125, "input_args": {"slug": "'determine-if-two-strings-are-close'"}, "time": 1759933669.275604}