{"duration": 1.3900196552276611, "input_args": {"postId": "80999"}, "time": 1759174059.4290307}