{"duration": 1.382323980331421, "input_args": {"postId": "146531"}, "time": 1759934964.6824632}