{"duration": 1.3631670475006104, "input_args": {"postId": "3960659"}, "time": 1759173768.5294552}