{"duration": 1.3926844596862793, "input_args": {"postId": "152571"}, "time": 1759935973.500822}