{"duration": 1.3791108131408691, "input_args": {"slug": "'length-of-last-word'"}, "time": 1759168276.63954}