{"duration": 1.4175546169281006, "input_args": {"postId": "5673574"}, "time": 1759935888.1446111}