{"duration": 1.4197156429290771, "input_args": {"slug": "'merge-strings-alternately'"}, "time": 1759933588.3849285}