{"duration": 1.6610569953918457, "input_args": {"postId": "4968803"}, "time": 1759935530.7366154}