{"duration": 1.3877673149108887, "input_args": {"postId": "4994570"}, "time": 1759174412.412035}