{"duration": 1.4192969799041748, "input_args": {"slug": "'3sum'"}, "time": 1759933642.3680658}