{"duration": 1.3701105117797852, "input_args": {"postId": "3104929"}, "time": 1759170901.8983734}