{"duration": 1.3732166290283203, "input_args": {"postId": "646795"}, "time": 1759174150.796798}