{"duration": 1.402397632598877, "input_args": {"slug": "'contains-duplicate-ii'"}, "time": 1759933681.9562316}