{"duration": 1.3916866779327393, "input_args": {"slug": "'valid-palindrome'"}, "time": 1759933639.4502025}