{"duration": 1.369269609451294, "input_args": {"postId": "4983820"}, "time": 1759935634.7509177}