{"duration": 1.3989155292510986, "input_args": {"postId": "1471052"}, "time": 1759173575.1140432}