{"duration": 1.4016022682189941, "input_args": {"slug": "'smallest-number-in-infinite-set'"}, "time": 1759166078.1381862}