{"duration": 1.749096393585205, "input_args": {"postId": "149280"}, "time": 1759935096.533691}