{"duration": 1.525418758392334, "input_args": {"postId": "129041"}, "time": 1759935525.8185868}