{"duration": 4.372282028198242, "input_args": {"slug": "'find-the-difference-of-two-arrays'"}, "time": 1759166025.5673227}