{"duration": 1.3809142112731934, "input_args": {"postId": "5442789"}, "time": 1759173689.1477582}