{"duration": 1.423262357711792, "input_args": {"slug": "'count-good-nodes-in-binary-tree'"}, "time": 1759933752.510339}