{"duration": 1.5777909755706787, "input_args": {"postId": "2896981"}, "time": 1759935305.6800206}