{"duration": 1.395596981048584, "input_args": {"slug": "'minimum-size-subarray-sum'"}, "time": 1759933649.3915858}