{"duration": 1.4089927673339844, "input_args": {"postId": "3536466"}, "time": 1759935694.3569198}