{"duration": 1.3658897876739502, "input_args": {"postId": "4745743"}, "time": 1759173839.8070948}