{"duration": 1.4178621768951416, "input_args": {"postId": "46216"}, "time": 1759936010.2245007}