{"duration": 1.3770928382873535, "input_args": {"postId": "5637553"}, "time": 1759173802.0042622}