{"duration": 1.393033504486084, "input_args": {"postId": "1600133"}, "time": 1759174149.421636}