{"duration": 1.6376209259033203, "input_args": {"slug": "'convert-sorted-array-to-binary-search-tree'"}, "time": 1759168394.9254563}