{"duration": 1.9074301719665527, "input_args": {"slug": "'minimum-path-sum'"}, "time": 1759933884.7128465}