{"duration": 1.3809444904327393, "input_args": {"postId": "1459745"}, "time": 1759174648.2348657}