{"duration": 1.4878714084625244, "input_args": {"postId": "2968036"}, "time": 1759935648.3228397}