{"duration": 1.3962230682373047, "input_args": {"slug": "'design-add-and-search-words-data-structure'"}, "time": 1759933796.9645026}