{"duration": 1.57877779006958, "input_args": {"slug": "'binary-tree-right-side-view'"}, "time": 1759933758.2927716}