{"duration": 1.375075340270996, "input_args": {"postId": "4529478"}, "time": 1759174219.6112716}