{"duration": 1.3733570575714111, "input_args": {"postId": "2751672"}, "time": 1759174143.4856691}