{"duration": 1.7075221538543701, "input_args": {"postId": "7505969"}, "time": 1759935966.5733633}