{"duration": 1.3817570209503174, "input_args": {"postId": "113644"}, "time": 1759174110.7722738}