{"duration": 1.4165756702423096, "input_args": {"postId": "4014778"}, "time": 1759935298.2073371}