{"duration": 1.3914778232574463, "input_args": {"postId": "4854306"}, "time": 1759935762.2417226}