{"duration": 1.5439727306365967, "input_args": {"slug": "'daily-temperatures'"}, "time": 1759166118.7797234}