{"duration": 1.44399094581604, "input_args": {"postId": "119911"}, "time": 1759935559.8253763}