{"duration": 1.438166618347168, "input_args": {"postId": "670286"}, "time": 1759935986.7626898}