{"duration": 1.3916168212890625, "input_args": {"postId": "6129504"}, "time": 1759173551.866063}