{"duration": 1.3939216136932373, "input_args": {"slug": "'rotate-list'"}, "time": 1759168337.1162808}