{"duration": 1.9489519596099854, "input_args": {"slug": "'rotate-array'"}, "time": 1759933608.428019}