{"duration": 1.3813855648040771, "input_args": {"postId": "670286"}, "time": 1759174602.667898}