{"duration": 1.5466821193695068, "input_args": {"slug": "'daily-temperatures'"}, "time": 1759933704.121504}