{"duration": 1.4227423667907715, "input_args": {"slug": "'plus-one'"}, "time": 1759933858.1791854}