{"duration": 1.388603925704956, "input_args": {"slug": "'koko-eating-bananas'"}, "time": 1759933833.9075937}