{"duration": 1.3954575061798096, "input_args": {"slug": "'kids-with-the-greatest-number-of-candies'"}, "time": 1759933591.1553242}