{"duration": 1.4612271785736084, "input_args": {"postId": "6958698"}, "time": 1759935285.549393}