{"duration": 1.373262882232666, "input_args": {"postId": "5776357"}, "time": 1759935507.3691406}