{"duration": 1.8310308456420898, "input_args": {"postId": "3425438"}, "time": 1759935406.880808}