{"duration": 1.3919258117675781, "input_args": {"postId": "5631074"}, "time": 1759935769.224925}