{"duration": 1.622025728225708, "input_args": {"postId": "5662532"}, "time": 1759174524.1204422}