{"duration": 1.3673558235168457, "input_args": {"postId": "1203714"}, "time": 1759173684.5161817}