{"duration": 1.3680346012115479, "input_args": {"postId": "1647458"}, "time": 1759173869.9089448}