{"duration": 1.3748865127563477, "input_args": {"postId": "988276"}, "time": 1759173980.5656173}