{"duration": 1.3855268955230713, "input_args": {"slug": "'best-time-to-buy-and-sell-stock-iv'"}, "time": 1759933891.9554749}