{"duration": 1.8358712196350098, "input_args": {"slug": "'find-peak-element'"}, "time": 1759166085.6732855}