{"duration": 1.4002933502197266, "input_args": {"postId": "910338"}, "time": 1759935855.951041}