{"duration": 1.3997585773468018, "input_args": {"slug": "'merge-two-sorted-lists'"}, "time": 1759933721.5636013}