{"duration": 1.382551670074463, "input_args": {"postId": "7517657"}, "time": 1759173617.8416226}