{"duration": 1.384110689163208, "input_args": {"slug": "'unique-paths'"}, "time": 1759166099.9346154}