{"duration": 1.3797690868377686, "input_args": {"postId": "149706"}, "time": 1759935144.5209813}