{"duration": 1.3845577239990234, "input_args": {"postId": "111917"}, "time": 1759174484.0134141}