{"duration": 1.3934690952301025, "input_args": {"slug": "'container-with-most-water'"}, "time": 1759933635.9838197}