{"duration": 2.401042938232422, "input_args": {"slug": "'word-pattern'"}, "time": 1759168303.9394672}