{"duration": 1.4514446258544922, "input_args": {"postId": "119447"}, "time": 1759173698.659018}