{"duration": 1.4493730068206787, "input_args": {"postId": "40404"}, "time": 1759174308.5315416}