{"duration": 1.579531192779541, "input_args": {"postId": "1380203"}, "time": 1759935502.8474815}