{"duration": 1.3782322406768799, "input_args": {"postId": "2668037"}, "time": 1759935442.7746217}