{"duration": 1.371628999710083, "input_args": {"postId": "1380203"}, "time": 1759174134.2306533}