{"duration": 1.469407081604004, "input_args": {"postId": "7717971"}, "time": 1759173731.4089305}