{"duration": 1.3786509037017822, "input_args": {"postId": "27566"}, "time": 1759173709.4147813}