{"duration": 1.3859386444091797, "input_args": {"slug": "'nearest-exit-from-entrance-in-maze'"}, "time": 1759933786.851148}