{"duration": 1.3845419883728027, "input_args": {"postId": "7087238"}, "time": 1759173553.251078}