{"duration": 1.5481336116790771, "input_args": {"slug": "'longest-substring-without-repeating-characters'"}, "time": 1759168285.387416}