{"duration": 1.4238300323486328, "input_args": {"slug": "'word-break'"}, "time": 1759168434.444781}