{"duration": 1.4125926494598389, "input_args": {"postId": "46216"}, "time": 1759174625.3615317}