{"duration": 1.5505566596984863, "input_args": {"postId": "6788744"}, "time": 1759173598.9412062}