{"duration": 1.3689711093902588, "input_args": {"postId": "1428485"}, "time": 1759174583.2214396}