{"duration": 1.4101572036743164, "input_args": {"postId": "36500"}, "time": 1759935680.1235037}