{"duration": 1.3775277137756348, "input_args": {"postId": "105731"}, "time": 1759174517.544602}