{"duration": 1.433990478515625, "input_args": {"slug": "'edit-distance'"}, "time": 1759166104.3428445}